run_id,query_id,mode,trial,check_id,check_name,verifier_module,input_values,provenance,observed_value,required_value,operator,source,formula,recomputed_result,tolerance,signed_margin,status,reason
run_1283745a0340,Q01_VM_FORMAL_BASIC,3,1,CHK_VM_CATALOG,SKU Catalog Existence,src.verifiers.independent_checker,"{""sku_details"": [""t3.medium (x4)""], ""catalog_consistent"": true}",DatabaseBackedCatalog,t3.medium (x4),Valid in DB,in,DatabaseBackedCatalog,all(sku in DB for sku in ['t3.medium (x4)']),True,0 unknown SKUs,Exact Match,PASS,All allocated SKUs verified against catalog ground truth.
run_1283745a0340,Q01_VM_FORMAL_BASIC,3,1,CHK_VM_PRICING,SKU Pricing Integrity,src.verifiers.independent_checker,"{""reported_cost_usd"": 121.48, ""recomputed_cost_usd"": 121.47, ""cost_delta_usd"": 0.01}",DatabaseBackedCatalog,$121.48/mo (Reported),$121.47/mo (Catalog),==,DatabaseBackedCatalog,sum(hourly_price * 730 * count) = $121.47,121.47,$0.50,$0.01 (0.0% err),PASS,Reported cost matches catalog pricing within $0.50 tolerance.
run_1283745a0340,Q01_VM_FORMAL_BASIC,3,1,CHK_VM_VCPU,Compute Capacity (vCPUs),src.verifiers.independent_checker,"{""required_vcpus"": 8, ""allocated_vcpus"": 8}",DatabaseBackedCatalog,8 vCPUs,>= 8 vCPUs,>=,DatabaseBackedCatalog,sum(vcpus * count) = 8 >= 8,8,0 vCPUs,+0 vCPUs,PASS,Compute capacity satisfies requirement.
run_1283745a0340,Q01_VM_FORMAL_BASIC,3,1,CHK_VM_RAM,Memory Capacity (RAM),src.verifiers.independent_checker,"{""required_ram_gb"": 16.0, ""allocated_ram_gb"": 16.0}",DatabaseBackedCatalog,16.0 GB,>= 16.0 GB,>=,DatabaseBackedCatalog,sum(ram_gb * count) = 16.0 >= 16.0,16,0.0 GB,+0.0 GB,PASS,Memory capacity satisfies requirement.
run_1283745a0340,Q01_VM_FORMAL_BASIC,3,1,CHK_VM_BUDGET,Financial Monthly Budget,src.verifiers.independent_checker,"{""budget_max_usd"": 300.0, ""recomputed_cost_usd"": 121.47}",Financial Budget Invariant,$121.47 USD,<= $300.00 USD,<=,Financial Budget Invariant,$121.47 <= $300.00,121.47,$0.00,-$178.53 (Headroom),PASS,Monthly cost within budget with $178.53 headroom.
run_2dcc01362a52,Q01_VM_FORMAL_BASIC,4,1,CHK_VM_CATALOG,SKU Catalog Existence,src.verifiers.independent_checker,"{""sku_details"": [""t3.medium (x4)""], ""catalog_consistent"": true}",DatabaseBackedCatalog,t3.medium (x4),Valid in DB,in,DatabaseBackedCatalog,all(sku in DB for sku in ['t3.medium (x4)']),True,0 unknown SKUs,Exact Match,PASS,All allocated SKUs verified against catalog ground truth.
run_2dcc01362a52,Q01_VM_FORMAL_BASIC,4,1,CHK_VM_PRICING,SKU Pricing Integrity,src.verifiers.independent_checker,"{""reported_cost_usd"": 121.48, ""recomputed_cost_usd"": 121.47, ""cost_delta_usd"": 0.01}",DatabaseBackedCatalog,$121.48/mo (Reported),$121.47/mo (Catalog),==,DatabaseBackedCatalog,sum(hourly_price * 730 * count) = $121.47,121.47,$0.50,$0.01 (0.0% err),PASS,Reported cost matches catalog pricing within $0.50 tolerance.
run_2dcc01362a52,Q01_VM_FORMAL_BASIC,4,1,CHK_VM_VCPU,Compute Capacity (vCPUs),src.verifiers.independent_checker,"{""required_vcpus"": 8, ""allocated_vcpus"": 8}",DatabaseBackedCatalog,8 vCPUs,>= 8 vCPUs,>=,DatabaseBackedCatalog,sum(vcpus * count) = 8 >= 8,8,0 vCPUs,+0 vCPUs,PASS,Compute capacity satisfies requirement.
run_2dcc01362a52,Q01_VM_FORMAL_BASIC,4,1,CHK_VM_RAM,Memory Capacity (RAM),src.verifiers.independent_checker,"{""required_ram_gb"": 16.0, ""allocated_ram_gb"": 16.0}",DatabaseBackedCatalog,16.0 GB,>= 16.0 GB,>=,DatabaseBackedCatalog,sum(ram_gb * count) = 16.0 >= 16.0,16,0.0 GB,+0.0 GB,PASS,Memory capacity satisfies requirement.
run_2dcc01362a52,Q01_VM_FORMAL_BASIC,4,1,CHK_VM_BUDGET,Financial Monthly Budget,src.verifiers.independent_checker,"{""budget_max_usd"": 300.0, ""recomputed_cost_usd"": 121.47}",Financial Budget Invariant,$121.47 USD,<= $300.00 USD,<=,Financial Budget Invariant,$121.47 <= $300.00,121.47,$0.00,-$178.53 (Headroom),PASS,Monthly cost within budget with $178.53 headroom.
run_d47c0ca32eb4,Q02_VM_HINGLISH_COMPUTE,3,1,CHK_VM_CATALOG,SKU Catalog Existence,src.verifiers.independent_checker,"{""sku_details"": [""t3.medium (x4)""], ""catalog_consistent"": true}",DatabaseBackedCatalog,t3.medium (x4),Valid in DB,in,DatabaseBackedCatalog,all(sku in DB for sku in ['t3.medium (x4)']),True,0 unknown SKUs,Exact Match,PASS,All allocated SKUs verified against catalog ground truth.
run_d47c0ca32eb4,Q02_VM_HINGLISH_COMPUTE,3,1,CHK_VM_PRICING,SKU Pricing Integrity,src.verifiers.independent_checker,"{""reported_cost_usd"": 121.48, ""recomputed_cost_usd"": 121.47, ""cost_delta_usd"": 0.01}",DatabaseBackedCatalog,$121.48/mo (Reported),$121.47/mo (Catalog),==,DatabaseBackedCatalog,sum(hourly_price * 730 * count) = $121.47,121.47,$0.50,$0.01 (0.0% err),PASS,Reported cost matches catalog pricing within $0.50 tolerance.
run_d47c0ca32eb4,Q02_VM_HINGLISH_COMPUTE,3,1,CHK_VM_VCPU,Compute Capacity (vCPUs),src.verifiers.independent_checker,"{""required_vcpus"": 8, ""allocated_vcpus"": 8}",DatabaseBackedCatalog,8 vCPUs,>= 8 vCPUs,>=,DatabaseBackedCatalog,sum(vcpus * count) = 8 >= 8,8,0 vCPUs,+0 vCPUs,PASS,Compute capacity satisfies requirement.
run_d47c0ca32eb4,Q02_VM_HINGLISH_COMPUTE,3,1,CHK_VM_RAM,Memory Capacity (RAM),src.verifiers.independent_checker,"{""required_ram_gb"": 16.0, ""allocated_ram_gb"": 16.0}",DatabaseBackedCatalog,16.0 GB,>= 16.0 GB,>=,DatabaseBackedCatalog,sum(ram_gb * count) = 16.0 >= 16.0,16,0.0 GB,+0.0 GB,PASS,Memory capacity satisfies requirement.
run_d47c0ca32eb4,Q02_VM_HINGLISH_COMPUTE,3,1,CHK_VM_BUDGET,Financial Monthly Budget,src.verifiers.independent_checker,"{""budget_max_usd"": 300.0, ""recomputed_cost_usd"": 121.47}",Financial Budget Invariant,$121.47 USD,<= $300.00 USD,<=,Financial Budget Invariant,$121.47 <= $300.00,121.47,$0.00,-$178.53 (Headroom),PASS,Monthly cost within budget with $178.53 headroom.
run_34420d1b720c,Q02_VM_HINGLISH_COMPUTE,4,1,CHK_VM_CATALOG,SKU Catalog Existence,src.verifiers.independent_checker,"{""sku_details"": [""t3.medium (x4)""], ""catalog_consistent"": true}",DatabaseBackedCatalog,t3.medium (x4),Valid in DB,in,DatabaseBackedCatalog,all(sku in DB for sku in ['t3.medium (x4)']),True,0 unknown SKUs,Exact Match,PASS,All allocated SKUs verified against catalog ground truth.
run_34420d1b720c,Q02_VM_HINGLISH_COMPUTE,4,1,CHK_VM_PRICING,SKU Pricing Integrity,src.verifiers.independent_checker,"{""reported_cost_usd"": 121.48, ""recomputed_cost_usd"": 121.47, ""cost_delta_usd"": 0.01}",DatabaseBackedCatalog,$121.48/mo (Reported),$121.47/mo (Catalog),==,DatabaseBackedCatalog,sum(hourly_price * 730 * count) = $121.47,121.47,$0.50,$0.01 (0.0% err),PASS,Reported cost matches catalog pricing within $0.50 tolerance.
run_34420d1b720c,Q02_VM_HINGLISH_COMPUTE,4,1,CHK_VM_VCPU,Compute Capacity (vCPUs),src.verifiers.independent_checker,"{""required_vcpus"": 8, ""allocated_vcpus"": 8}",DatabaseBackedCatalog,8 vCPUs,>= 8 vCPUs,>=,DatabaseBackedCatalog,sum(vcpus * count) = 8 >= 8,8,0 vCPUs,+0 vCPUs,PASS,Compute capacity satisfies requirement.
run_34420d1b720c,Q02_VM_HINGLISH_COMPUTE,4,1,CHK_VM_RAM,Memory Capacity (RAM),src.verifiers.independent_checker,"{""required_ram_gb"": 16.0, ""allocated_ram_gb"": 16.0}",DatabaseBackedCatalog,16.0 GB,>= 16.0 GB,>=,DatabaseBackedCatalog,sum(ram_gb * count) = 16.0 >= 16.0,16,0.0 GB,+0.0 GB,PASS,Memory capacity satisfies requirement.
run_34420d1b720c,Q02_VM_HINGLISH_COMPUTE,4,1,CHK_VM_BUDGET,Financial Monthly Budget,src.verifiers.independent_checker,"{""budget_max_usd"": 300.0, ""recomputed_cost_usd"": 121.47}",Financial Budget Invariant,$121.47 USD,<= $300.00 USD,<=,Financial Budget Invariant,$121.47 <= $300.00,121.47,$0.00,-$178.53 (Headroom),PASS,Monthly cost within budget with $178.53 headroom.
run_f5c195221669,Q03_VM_HIGH_MEM,3,1,CHK_VM_CATALOG,SKU Catalog Existence,src.verifiers.independent_checker,"{""sku_details"": [""t3.xlarge (x2)""], ""catalog_consistent"": true}",DatabaseBackedCatalog,t3.xlarge (x2),Valid in DB,in,DatabaseBackedCatalog,all(sku in DB for sku in ['t3.xlarge (x2)']),True,0 unknown SKUs,Exact Match,PASS,All allocated SKUs verified against catalog ground truth.
run_f5c195221669,Q03_VM_HIGH_MEM,3,1,CHK_VM_PRICING,SKU Pricing Integrity,src.verifiers.independent_checker,"{""reported_cost_usd"": 242.94, ""recomputed_cost_usd"": 242.94, ""cost_delta_usd"": 0.0}",DatabaseBackedCatalog,$242.94/mo (Reported),$242.94/mo (Catalog),==,DatabaseBackedCatalog,sum(hourly_price * 730 * count) = $242.94,242.94,$0.50,$0.00 (Exact),PASS,Reported cost matches catalog pricing within $0.50 tolerance.
run_f5c195221669,Q03_VM_HIGH_MEM,3,1,CHK_VM_VCPU,Compute Capacity (vCPUs),src.verifiers.independent_checker,"{""required_vcpus"": 4, ""allocated_vcpus"": 8}",DatabaseBackedCatalog,8 vCPUs,>= 4 vCPUs,>=,DatabaseBackedCatalog,sum(vcpus * count) = 8 >= 4,8,0 vCPUs,+4 vCPUs,PASS,Compute capacity satisfies requirement.
run_f5c195221669,Q03_VM_HIGH_MEM,3,1,CHK_VM_RAM,Memory Capacity (RAM),src.verifiers.independent_checker,"{""required_ram_gb"": 32.0, ""allocated_ram_gb"": 32.0}",DatabaseBackedCatalog,32.0 GB,>= 32.0 GB,>=,DatabaseBackedCatalog,sum(ram_gb * count) = 32.0 >= 32.0,32,0.0 GB,+0.0 GB,PASS,Memory capacity satisfies requirement.
run_f5c195221669,Q03_VM_HIGH_MEM,3,1,CHK_VM_BUDGET,Financial Monthly Budget,src.verifiers.independent_checker,"{""budget_max_usd"": 250.0, ""recomputed_cost_usd"": 242.94}",Financial Budget Invariant,$242.94 USD,<= $250.00 USD,<=,Financial Budget Invariant,$242.94 <= $250.00,242.94,$0.00,-$7.06 (Headroom),PASS,Monthly cost within budget with $7.06 headroom.
run_9022e8059b66,Q03_VM_HIGH_MEM,4,1,CHK_VM_CATALOG,SKU Catalog Existence,src.verifiers.independent_checker,"{""sku_details"": [""t3.xlarge (x2)""], ""catalog_consistent"": true}",DatabaseBackedCatalog,t3.xlarge (x2),Valid in DB,in,DatabaseBackedCatalog,all(sku in DB for sku in ['t3.xlarge (x2)']),True,0 unknown SKUs,Exact Match,PASS,All allocated SKUs verified against catalog ground truth.
run_9022e8059b66,Q03_VM_HIGH_MEM,4,1,CHK_VM_PRICING,SKU Pricing Integrity,src.verifiers.independent_checker,"{""reported_cost_usd"": 242.94, ""recomputed_cost_usd"": 242.94, ""cost_delta_usd"": 0.0}",DatabaseBackedCatalog,$242.94/mo (Reported),$242.94/mo (Catalog),==,DatabaseBackedCatalog,sum(hourly_price * 730 * count) = $242.94,242.94,$0.50,$0.00 (Exact),PASS,Reported cost matches catalog pricing within $0.50 tolerance.
run_9022e8059b66,Q03_VM_HIGH_MEM,4,1,CHK_VM_VCPU,Compute Capacity (vCPUs),src.verifiers.independent_checker,"{""required_vcpus"": 4, ""allocated_vcpus"": 8}",DatabaseBackedCatalog,8 vCPUs,>= 4 vCPUs,>=,DatabaseBackedCatalog,sum(vcpus * count) = 8 >= 4,8,0 vCPUs,+4 vCPUs,PASS,Compute capacity satisfies requirement.
run_9022e8059b66,Q03_VM_HIGH_MEM,4,1,CHK_VM_RAM,Memory Capacity (RAM),src.verifiers.independent_checker,"{""required_ram_gb"": 32.0, ""allocated_ram_gb"": 32.0}",DatabaseBackedCatalog,32.0 GB,>= 32.0 GB,>=,DatabaseBackedCatalog,sum(ram_gb * count) = 32.0 >= 32.0,32,0.0 GB,+0.0 GB,PASS,Memory capacity satisfies requirement.
run_9022e8059b66,Q03_VM_HIGH_MEM,4,1,CHK_VM_BUDGET,Financial Monthly Budget,src.verifiers.independent_checker,"{""budget_max_usd"": 250.0, ""recomputed_cost_usd"": 242.94}",Financial Budget Invariant,$242.94 USD,<= $250.00 USD,<=,Financial Budget Invariant,$242.94 <= $250.00,242.94,$0.00,-$7.06 (Headroom),PASS,Monthly cost within budget with $7.06 headroom.
run_b122ea16a6e3,Q04_VM_AZURE_GCP_MULTI,3,1,CHK_VM_CATALOG,SKU Catalog Existence,src.verifiers.independent_checker,"{""sku_details"": [""e2-standard-4 (x1)""], ""catalog_consistent"": true}",DatabaseBackedCatalog,e2-standard-4 (x1),Valid in DB,in,DatabaseBackedCatalog,all(sku in DB for sku in ['e2-standard-4 (x1)']),True,0 unknown SKUs,Exact Match,PASS,All allocated SKUs verified against catalog ground truth.
run_b122ea16a6e3,Q04_VM_AZURE_GCP_MULTI,3,1,CHK_VM_PRICING,SKU Pricing Integrity,src.verifiers.independent_checker,"{""reported_cost_usd"": 97.82, ""recomputed_cost_usd"": 97.82, ""cost_delta_usd"": 0.0}",DatabaseBackedCatalog,$97.82/mo (Reported),$97.82/mo (Catalog),==,DatabaseBackedCatalog,sum(hourly_price * 730 * count) = $97.82,97.82,$0.50,$0.00 (Exact),PASS,Reported cost matches catalog pricing within $0.50 tolerance.
run_b122ea16a6e3,Q04_VM_AZURE_GCP_MULTI,3,1,CHK_VM_VCPU,Compute Capacity (vCPUs),src.verifiers.independent_checker,"{""required_vcpus"": 4, ""allocated_vcpus"": 4}",DatabaseBackedCatalog,4 vCPUs,>= 4 vCPUs,>=,DatabaseBackedCatalog,sum(vcpus * count) = 4 >= 4,4,0 vCPUs,+0 vCPUs,PASS,Compute capacity satisfies requirement.
run_b122ea16a6e3,Q04_VM_AZURE_GCP_MULTI,3,1,CHK_VM_RAM,Memory Capacity (RAM),src.verifiers.independent_checker,"{""required_ram_gb"": 16.0, ""allocated_ram_gb"": 16.0}",DatabaseBackedCatalog,16.0 GB,>= 16.0 GB,>=,DatabaseBackedCatalog,sum(ram_gb * count) = 16.0 >= 16.0,16,0.0 GB,+0.0 GB,PASS,Memory capacity satisfies requirement.
run_b122ea16a6e3,Q04_VM_AZURE_GCP_MULTI,3,1,CHK_VM_BUDGET,Financial Monthly Budget,src.verifiers.independent_checker,"{""budget_max_usd"": 150.0, ""recomputed_cost_usd"": 97.82}",Financial Budget Invariant,$97.82 USD,<= $150.00 USD,<=,Financial Budget Invariant,$97.82 <= $150.00,97.82,$0.00,-$52.18 (Headroom),PASS,Monthly cost within budget with $52.18 headroom.
run_2811bd2b6967,Q04_VM_AZURE_GCP_MULTI,4,1,CHK_VM_CATALOG,SKU Catalog Existence,src.verifiers.independent_checker,"{""sku_details"": [""e2-standard-4 (x1)""], ""catalog_consistent"": true}",DatabaseBackedCatalog,e2-standard-4 (x1),Valid in DB,in,DatabaseBackedCatalog,all(sku in DB for sku in ['e2-standard-4 (x1)']),True,0 unknown SKUs,Exact Match,PASS,All allocated SKUs verified against catalog ground truth.
run_2811bd2b6967,Q04_VM_AZURE_GCP_MULTI,4,1,CHK_VM_PRICING,SKU Pricing Integrity,src.verifiers.independent_checker,"{""reported_cost_usd"": 97.82, ""recomputed_cost_usd"": 97.82, ""cost_delta_usd"": 0.0}",DatabaseBackedCatalog,$97.82/mo (Reported),$97.82/mo (Catalog),==,DatabaseBackedCatalog,sum(hourly_price * 730 * count) = $97.82,97.82,$0.50,$0.00 (Exact),PASS,Reported cost matches catalog pricing within $0.50 tolerance.
run_2811bd2b6967,Q04_VM_AZURE_GCP_MULTI,4,1,CHK_VM_VCPU,Compute Capacity (vCPUs),src.verifiers.independent_checker,"{""required_vcpus"": 4, ""allocated_vcpus"": 4}",DatabaseBackedCatalog,4 vCPUs,>= 4 vCPUs,>=,DatabaseBackedCatalog,sum(vcpus * count) = 4 >= 4,4,0 vCPUs,+0 vCPUs,PASS,Compute capacity satisfies requirement.
run_2811bd2b6967,Q04_VM_AZURE_GCP_MULTI,4,1,CHK_VM_RAM,Memory Capacity (RAM),src.verifiers.independent_checker,"{""required_ram_gb"": 16.0, ""allocated_ram_gb"": 16.0}",DatabaseBackedCatalog,16.0 GB,>= 16.0 GB,>=,DatabaseBackedCatalog,sum(ram_gb * count) = 16.0 >= 16.0,16,0.0 GB,+0.0 GB,PASS,Memory capacity satisfies requirement.
run_2811bd2b6967,Q04_VM_AZURE_GCP_MULTI,4,1,CHK_VM_BUDGET,Financial Monthly Budget,src.verifiers.independent_checker,"{""budget_max_usd"": 150.0, ""recomputed_cost_usd"": 97.82}",Financial Budget Invariant,$97.82 USD,<= $150.00 USD,<=,Financial Budget Invariant,$97.82 <= $150.00,97.82,$0.00,-$52.18 (Headroom),PASS,Monthly cost within budget with $52.18 headroom.
run_c4be91271351,Q05_VM_INCOMPLETE_BUDGET,3,1,CHK_VM_CATALOG,SKU Catalog Existence,src.verifiers.independent_checker,"{""sku_details"": [""t3.medium (x4)""], ""catalog_consistent"": true}",DatabaseBackedCatalog,t3.medium (x4),Valid in DB,in,DatabaseBackedCatalog,all(sku in DB for sku in ['t3.medium (x4)']),True,0 unknown SKUs,Exact Match,PASS,All allocated SKUs verified against catalog ground truth.
run_c4be91271351,Q05_VM_INCOMPLETE_BUDGET,3,1,CHK_VM_PRICING,SKU Pricing Integrity,src.verifiers.independent_checker,"{""reported_cost_usd"": 121.48, ""recomputed_cost_usd"": 121.47, ""cost_delta_usd"": 0.01}",DatabaseBackedCatalog,$121.48/mo (Reported),$121.47/mo (Catalog),==,DatabaseBackedCatalog,sum(hourly_price * 730 * count) = $121.47,121.47,$0.50,$0.01 (0.0% err),PASS,Reported cost matches catalog pricing within $0.50 tolerance.
run_c4be91271351,Q05_VM_INCOMPLETE_BUDGET,3,1,CHK_VM_VCPU,Compute Capacity (vCPUs),src.verifiers.independent_checker,"{""required_vcpus"": 8, ""allocated_vcpus"": 8}",DatabaseBackedCatalog,8 vCPUs,>= 8 vCPUs,>=,DatabaseBackedCatalog,sum(vcpus * count) = 8 >= 8,8,0 vCPUs,+0 vCPUs,PASS,Compute capacity satisfies requirement.
run_c4be91271351,Q05_VM_INCOMPLETE_BUDGET,3,1,CHK_VM_RAM,Memory Capacity (RAM),src.verifiers.independent_checker,"{""required_ram_gb"": 16.0, ""allocated_ram_gb"": 16.0}",DatabaseBackedCatalog,16.0 GB,>= 16.0 GB,>=,DatabaseBackedCatalog,sum(ram_gb * count) = 16.0 >= 16.0,16,0.0 GB,+0.0 GB,PASS,Memory capacity satisfies requirement.
run_c4be91271351,Q05_VM_INCOMPLETE_BUDGET,3,1,CHK_VM_BUDGET,Financial Monthly Budget,src.verifiers.independent_checker,"{""budget_max_usd"": 500.0, ""recomputed_cost_usd"": 121.47}",Financial Budget Invariant,$121.47 USD,<= $500.00 USD,<=,Financial Budget Invariant,$121.47 <= $500.00,121.47,$0.00,-$378.53 (Headroom),PASS,Monthly cost within budget with $378.53 headroom.
run_1d86ffd48a25,Q05_VM_INCOMPLETE_BUDGET,4,1,CHK_VM_CATALOG,SKU Catalog Existence,src.verifiers.independent_checker,"{""sku_details"": [""t3.medium (x4)""], ""catalog_consistent"": true}",DatabaseBackedCatalog,t3.medium (x4),Valid in DB,in,DatabaseBackedCatalog,all(sku in DB for sku in ['t3.medium (x4)']),True,0 unknown SKUs,Exact Match,PASS,All allocated SKUs verified against catalog ground truth.
run_1d86ffd48a25,Q05_VM_INCOMPLETE_BUDGET,4,1,CHK_VM_PRICING,SKU Pricing Integrity,src.verifiers.independent_checker,"{""reported_cost_usd"": 121.48, ""recomputed_cost_usd"": 121.47, ""cost_delta_usd"": 0.01}",DatabaseBackedCatalog,$121.48/mo (Reported),$121.47/mo (Catalog),==,DatabaseBackedCatalog,sum(hourly_price * 730 * count) = $121.47,121.47,$0.50,$0.01 (0.0% err),PASS,Reported cost matches catalog pricing within $0.50 tolerance.
run_1d86ffd48a25,Q05_VM_INCOMPLETE_BUDGET,4,1,CHK_VM_VCPU,Compute Capacity (vCPUs),src.verifiers.independent_checker,"{""required_vcpus"": 8, ""allocated_vcpus"": 8}",DatabaseBackedCatalog,8 vCPUs,>= 8 vCPUs,>=,DatabaseBackedCatalog,sum(vcpus * count) = 8 >= 8,8,0 vCPUs,+0 vCPUs,PASS,Compute capacity satisfies requirement.
run_1d86ffd48a25,Q05_VM_INCOMPLETE_BUDGET,4,1,CHK_VM_RAM,Memory Capacity (RAM),src.verifiers.independent_checker,"{""required_ram_gb"": 16.0, ""allocated_ram_gb"": 16.0}",DatabaseBackedCatalog,16.0 GB,>= 16.0 GB,>=,DatabaseBackedCatalog,sum(ram_gb * count) = 16.0 >= 16.0,16,0.0 GB,+0.0 GB,PASS,Memory capacity satisfies requirement.
run_1d86ffd48a25,Q05_VM_INCOMPLETE_BUDGET,4,1,CHK_VM_BUDGET,Financial Monthly Budget,src.verifiers.independent_checker,"{""budget_max_usd"": 300.0, ""recomputed_cost_usd"": 121.47}",Financial Budget Invariant,$121.47 USD,<= $300.00 USD,<=,Financial Budget Invariant,$121.47 <= $300.00,121.47,$0.00,-$178.53 (Headroom),PASS,Monthly cost within budget with $178.53 headroom.
run_2dc2a814f2fc,Q06_VM_IMPOSSIBLE_BUDGET,3,1,CHK_VM_CATALOG,SKU Catalog Existence,src.verifiers.independent_checker,"{""sku_details"": [""t3.xlarge (x16)""], ""catalog_consistent"": true}",DatabaseBackedCatalog,t3.xlarge (x16),Valid in DB,in,DatabaseBackedCatalog,all(sku in DB for sku in ['t3.xlarge (x16)']),True,0 unknown SKUs,Exact Match,PASS,All allocated SKUs verified against catalog ground truth.
run_2dc2a814f2fc,Q06_VM_IMPOSSIBLE_BUDGET,3,1,CHK_VM_PRICING,SKU Pricing Integrity,src.verifiers.independent_checker,"{""reported_cost_usd"": 1943.52, ""recomputed_cost_usd"": 1943.55, ""cost_delta_usd"": 0.03}",DatabaseBackedCatalog,$1943.52/mo (Reported),$1943.55/mo (Catalog),==,DatabaseBackedCatalog,sum(hourly_price * 730 * count) = $1943.55,1943.55,$0.50,$0.03 (0.0% err),PASS,Reported cost matches catalog pricing within $0.50 tolerance.
run_2dc2a814f2fc,Q06_VM_IMPOSSIBLE_BUDGET,3,1,CHK_VM_VCPU,Compute Capacity (vCPUs),src.verifiers.independent_checker,"{""required_vcpus"": 64, ""allocated_vcpus"": 64}",DatabaseBackedCatalog,64 vCPUs,>= 64 vCPUs,>=,DatabaseBackedCatalog,sum(vcpus * count) = 64 >= 64,64,0 vCPUs,+0 vCPUs,PASS,Compute capacity satisfies requirement.
run_2dc2a814f2fc,Q06_VM_IMPOSSIBLE_BUDGET,3,1,CHK_VM_RAM,Memory Capacity (RAM),src.verifiers.independent_checker,"{""required_ram_gb"": 256.0, ""allocated_ram_gb"": 256.0}",DatabaseBackedCatalog,256.0 GB,>= 256.0 GB,>=,DatabaseBackedCatalog,sum(ram_gb * count) = 256.0 >= 256.0,256,0.0 GB,+0.0 GB,PASS,Memory capacity satisfies requirement.
run_2dc2a814f2fc,Q06_VM_IMPOSSIBLE_BUDGET,3,1,CHK_VM_BUDGET,Financial Monthly Budget,src.verifiers.independent_checker,"{""budget_max_usd"": 10.0, ""recomputed_cost_usd"": 1943.55}",Financial Budget Invariant,$1943.55 USD,<= $10.00 USD,<=,Financial Budget Invariant,$1943.55 <= $10.00,1943.55,$0.00,+$1933.55 (Overflow),FAIL,Budget overflow of $1933.55.
run_f1c33b46b0bb,Q06_VM_IMPOSSIBLE_BUDGET,4,1,CHK_VM_CATALOG,SKU Catalog Existence,src.verifiers.independent_checker,"{""sku_details"": [""t3.xlarge (x16)""], ""catalog_consistent"": true}",DatabaseBackedCatalog,t3.xlarge (x16),Valid in DB,in,DatabaseBackedCatalog,all(sku in DB for sku in ['t3.xlarge (x16)']),True,0 unknown SKUs,Exact Match,PASS,All allocated SKUs verified against catalog ground truth.
run_f1c33b46b0bb,Q06_VM_IMPOSSIBLE_BUDGET,4,1,CHK_VM_PRICING,SKU Pricing Integrity,src.verifiers.independent_checker,"{""reported_cost_usd"": 1943.52, ""recomputed_cost_usd"": 1943.55, ""cost_delta_usd"": 0.03}",DatabaseBackedCatalog,$1943.52/mo (Reported),$1943.55/mo (Catalog),==,DatabaseBackedCatalog,sum(hourly_price * 730 * count) = $1943.55,1943.55,$0.50,$0.03 (0.0% err),PASS,Reported cost matches catalog pricing within $0.50 tolerance.
run_f1c33b46b0bb,Q06_VM_IMPOSSIBLE_BUDGET,4,1,CHK_VM_VCPU,Compute Capacity (vCPUs),src.verifiers.independent_checker,"{""required_vcpus"": 64, ""allocated_vcpus"": 64}",DatabaseBackedCatalog,64 vCPUs,>= 64 vCPUs,>=,DatabaseBackedCatalog,sum(vcpus * count) = 64 >= 64,64,0 vCPUs,+0 vCPUs,PASS,Compute capacity satisfies requirement.
run_f1c33b46b0bb,Q06_VM_IMPOSSIBLE_BUDGET,4,1,CHK_VM_RAM,Memory Capacity (RAM),src.verifiers.independent_checker,"{""required_ram_gb"": 256.0, ""allocated_ram_gb"": 256.0}",DatabaseBackedCatalog,256.0 GB,>= 256.0 GB,>=,DatabaseBackedCatalog,sum(ram_gb * count) = 256.0 >= 256.0,256,0.0 GB,+0.0 GB,PASS,Memory capacity satisfies requirement.
run_f1c33b46b0bb,Q06_VM_IMPOSSIBLE_BUDGET,4,1,CHK_VM_BUDGET,Financial Monthly Budget,src.verifiers.independent_checker,"{""budget_max_usd"": 10.0, ""recomputed_cost_usd"": 1943.55}",Financial Budget Invariant,$1943.55 USD,<= $10.00 USD,<=,Financial Budget Invariant,$1943.55 <= $10.00,1943.55,$0.00,+$1933.55 (Overflow),FAIL,Budget overflow of $1933.55.
run_2295f6ee450c,Q07_SCALE_FORMAL_BASIC,3,1,CHK_SCALING_BANDWIDTH,Continuous Bandwidth Range,src.verifiers.independent_checker,"{""observed_bandwidth_mbps"": 105.0, ""min_bw"": 100.0, ""max_bw"": 1000.0}",Continuous Scaling Domain Bounds,105.0 Mbps,"[100.0, 1000.0] Mbps",in,Traffic Domain Bounds,100.0 <= 105.0 <= 1000.0,105,0.0 Mbps,Within Domain,PASS,Bandwidth is within operational bounds.
run_2295f6ee450c,Q07_SCALE_FORMAL_BASIC,3,1,CHK_SCALING_REPLICAS,Worker Replica Capacity,src.verifiers.independent_checker,"{""observed_replicas"": 2, ""min_reps"": 1, ""max_reps"": 16}",Replica Domain Bounds,2 replica(s),"[1, 16] Replicas",in,Replica Domain Bounds,1 <= 2 <= 16,2,0 Replicas,Within Domain,PASS,Replica count is within operational limits.
run_2295f6ee450c,Q07_SCALE_FORMAL_BASIC,3,1,CHK_SCALING_CPU_UTILIZATION,Continuous CPU Utilization,src.verifiers.independent_checker,"{""observed_bandwidth_mbps"": 105.0, ""replicas"": 2, ""capacity_factor_mbps"": 75.0, ""target_cpu_pct"": 70.0, ""max_cpu_ceiling"": 100.0}",Replica Capacity Model (75 Mbps/replica),70.0%,<= 100.0% (Tgt: 70.0%),<=,Replica Capacity Model (75 Mbps/replica),(105.0 Mbps / (2 * 75.0 Mbps)) * 100% = 70.00%,70,0.0%,-30.0% (Headroom),PASS,Modeled CPU (70.0%) satisfies <= 100.0% constraint.
run_2295f6ee450c,Q07_SCALE_FORMAL_BASIC,3,1,CHK_SCALING_PRICING,Scaling Dynamic Pricing,src.verifiers.independent_checker,"{""observed_cost_usd"": 98.4, ""recomputed_cost_usd"": 98.4, ""cost_per_mbps"": 0.08, ""cost_per_replica"": 45.0}",Pricing Model ($0.08/Mbps + $45/rep),$98.40/mo (Reported),$98.40/mo (Formula),==,Pricing Model ($0.08/Mbps + $45/rep),(105.0 * $0.08) + (2 * $45.00) = $98.40,98.4,$0.50,$0.00 (Exact),PASS,Pricing matches dynamic scaling formula.
run_2295f6ee450c,Q07_SCALE_FORMAL_BASIC,3,1,CHK_SCALING_BUDGET,Financial Monthly Budget,src.verifiers.independent_checker,"{""budget_max_usd"": 1500.0, ""recomputed_cost_usd"": 98.4}",Financial Budget Invariant,$98.40 USD,<= $1500.00 USD,<=,Financial Budget Invariant,$98.40 <= $1500.00,98.4,$0.00,-$1401.60 (Headroom),PASS,Monthly cost within budget with $1401.60 headroom.
run_324ab477965a,Q07_SCALE_FORMAL_BASIC,4,1,CHK_SCALING_BANDWIDTH,Continuous Bandwidth Range,src.verifiers.independent_checker,"{""observed_bandwidth_mbps"": 157.5, ""min_bw"": 100.0, ""max_bw"": 1000.0}",Continuous Scaling Domain Bounds,157.5 Mbps,"[100.0, 1000.0] Mbps",in,Traffic Domain Bounds,100.0 <= 157.5 <= 1000.0,157.5,0.0 Mbps,Within Domain,PASS,Bandwidth is within operational bounds.
run_324ab477965a,Q07_SCALE_FORMAL_BASIC,4,1,CHK_SCALING_REPLICAS,Worker Replica Capacity,src.verifiers.independent_checker,"{""observed_replicas"": 3, ""min_reps"": 1, ""max_reps"": 16}",Replica Domain Bounds,3 replica(s),"[1, 16] Replicas",in,Replica Domain Bounds,1 <= 3 <= 16,3,0 Replicas,Within Domain,PASS,Replica count is within operational limits.
run_324ab477965a,Q07_SCALE_FORMAL_BASIC,4,1,CHK_SCALING_CPU_UTILIZATION,Continuous CPU Utilization,src.verifiers.independent_checker,"{""observed_bandwidth_mbps"": 157.5, ""replicas"": 3, ""capacity_factor_mbps"": 75.0, ""target_cpu_pct"": 70.0, ""max_cpu_ceiling"": 100.0}",Replica Capacity Model (75 Mbps/replica),70.0%,<= 100.0% (Tgt: 70.0%),<=,Replica Capacity Model (75 Mbps/replica),(157.5 Mbps / (3 * 75.0 Mbps)) * 100% = 70.00%,70,0.0%,-30.0% (Headroom),PASS,Modeled CPU (70.0%) satisfies <= 100.0% constraint.
run_324ab477965a,Q07_SCALE_FORMAL_BASIC,4,1,CHK_SCALING_PRICING,Scaling Dynamic Pricing,src.verifiers.independent_checker,"{""observed_cost_usd"": 147.6, ""recomputed_cost_usd"": 147.6, ""cost_per_mbps"": 0.08, ""cost_per_replica"": 45.0}",Pricing Model ($0.08/Mbps + $45/rep),$147.60/mo (Reported),$147.60/mo (Formula),==,Pricing Model ($0.08/Mbps + $45/rep),(157.5 * $0.08) + (3 * $45.00) = $147.60,147.6,$0.50,$0.00 (Exact),PASS,Pricing matches dynamic scaling formula.
run_324ab477965a,Q07_SCALE_FORMAL_BASIC,4,1,CHK_SCALING_BUDGET,Financial Monthly Budget,src.verifiers.independent_checker,"{""budget_max_usd"": 1500.0, ""recomputed_cost_usd"": 147.6}",Financial Budget Invariant,$147.60 USD,<= $1500.00 USD,<=,Financial Budget Invariant,$147.60 <= $1500.00,147.6,$0.00,-$1352.40 (Headroom),PASS,Monthly cost within budget with $1352.40 headroom.
run_75b011e668f0,Q08_SCALE_HINGLISH,3,1,CHK_SCALING_BANDWIDTH,Continuous Bandwidth Range,src.verifiers.independent_checker,"{""observed_bandwidth_mbps"": 105.0, ""min_bw"": 100.0, ""max_bw"": 1000.0}",Continuous Scaling Domain Bounds,105.0 Mbps,"[100.0, 1000.0] Mbps",in,Traffic Domain Bounds,100.0 <= 105.0 <= 1000.0,105,0.0 Mbps,Within Domain,PASS,Bandwidth is within operational bounds.
run_75b011e668f0,Q08_SCALE_HINGLISH,3,1,CHK_SCALING_REPLICAS,Worker Replica Capacity,src.verifiers.independent_checker,"{""observed_replicas"": 2, ""min_reps"": 1, ""max_reps"": 16}",Replica Domain Bounds,2 replica(s),"[1, 16] Replicas",in,Replica Domain Bounds,1 <= 2 <= 16,2,0 Replicas,Within Domain,PASS,Replica count is within operational limits.
run_75b011e668f0,Q08_SCALE_HINGLISH,3,1,CHK_SCALING_CPU_UTILIZATION,Continuous CPU Utilization,src.verifiers.independent_checker,"{""observed_bandwidth_mbps"": 105.0, ""replicas"": 2, ""capacity_factor_mbps"": 75.0, ""target_cpu_pct"": 70.0, ""max_cpu_ceiling"": 100.0}",Replica Capacity Model (75 Mbps/replica),70.0%,<= 100.0% (Tgt: 70.0%),<=,Replica Capacity Model (75 Mbps/replica),(105.0 Mbps / (2 * 75.0 Mbps)) * 100% = 70.00%,70,0.0%,-30.0% (Headroom),PASS,Modeled CPU (70.0%) satisfies <= 100.0% constraint.
run_75b011e668f0,Q08_SCALE_HINGLISH,3,1,CHK_SCALING_PRICING,Scaling Dynamic Pricing,src.verifiers.independent_checker,"{""observed_cost_usd"": 98.4, ""recomputed_cost_usd"": 98.4, ""cost_per_mbps"": 0.08, ""cost_per_replica"": 45.0}",Pricing Model ($0.08/Mbps + $45/rep),$98.40/mo (Reported),$98.40/mo (Formula),==,Pricing Model ($0.08/Mbps + $45/rep),(105.0 * $0.08) + (2 * $45.00) = $98.40,98.4,$0.50,$0.00 (Exact),PASS,Pricing matches dynamic scaling formula.
run_75b011e668f0,Q08_SCALE_HINGLISH,3,1,CHK_SCALING_BUDGET,Financial Monthly Budget,src.verifiers.independent_checker,"{""budget_max_usd"": 1500.0, ""recomputed_cost_usd"": 98.4}",Financial Budget Invariant,$98.40 USD,<= $1500.00 USD,<=,Financial Budget Invariant,$98.40 <= $1500.00,98.4,$0.00,-$1401.60 (Headroom),PASS,Monthly cost within budget with $1401.60 headroom.
run_c291183d5047,Q08_SCALE_HINGLISH,4,1,CHK_SCALING_BANDWIDTH,Continuous Bandwidth Range,src.verifiers.independent_checker,"{""observed_bandwidth_mbps"": 200.0, ""min_bw"": 100.0, ""max_bw"": 1000.0}",Continuous Scaling Domain Bounds,200.0 Mbps,"[100.0, 1000.0] Mbps",in,Traffic Domain Bounds,100.0 <= 200.0 <= 1000.0,200,0.0 Mbps,Within Domain,PASS,Bandwidth is within operational bounds.
run_c291183d5047,Q08_SCALE_HINGLISH,4,1,CHK_SCALING_REPLICAS,Worker Replica Capacity,src.verifiers.independent_checker,"{""observed_replicas"": 3, ""min_reps"": 1, ""max_reps"": 16}",Replica Domain Bounds,3 replica(s),"[1, 16] Replicas",in,Replica Domain Bounds,1 <= 3 <= 16,3,0 Replicas,Within Domain,PASS,Replica count is within operational limits.
run_c291183d5047,Q08_SCALE_HINGLISH,4,1,CHK_SCALING_CPU_UTILIZATION,Continuous CPU Utilization,src.verifiers.independent_checker,"{""observed_bandwidth_mbps"": 200.0, ""replicas"": 3, ""capacity_factor_mbps"": 75.0, ""target_cpu_pct"": 70.0, ""max_cpu_ceiling"": 100.0}",Replica Capacity Model (75 Mbps/replica),88.9%,<= 100.0% (Tgt: 70.0%),<=,Replica Capacity Model (75 Mbps/replica),(200.0 Mbps / (3 * 75.0 Mbps)) * 100% = 88.89%,88.89,0.0%,-11.1% (Headroom),PASS,Modeled CPU (88.9%) satisfies <= 100.0% constraint.
run_c291183d5047,Q08_SCALE_HINGLISH,4,1,CHK_SCALING_PRICING,Scaling Dynamic Pricing,src.verifiers.independent_checker,"{""observed_cost_usd"": 151.0, ""recomputed_cost_usd"": 151.0, ""cost_per_mbps"": 0.08, ""cost_per_replica"": 45.0}",Pricing Model ($0.08/Mbps + $45/rep),$151.00/mo (Reported),$151.00/mo (Formula),==,Pricing Model ($0.08/Mbps + $45/rep),(200.0 * $0.08) + (3 * $45.00) = $151.00,151,$0.50,$0.00 (Exact),PASS,Pricing matches dynamic scaling formula.
run_c291183d5047,Q08_SCALE_HINGLISH,4,1,CHK_SCALING_BUDGET,Financial Monthly Budget,src.verifiers.independent_checker,"{""budget_max_usd"": 1500.0, ""recomputed_cost_usd"": 151.0}",Financial Budget Invariant,$151.00 USD,<= $1500.00 USD,<=,Financial Budget Invariant,$151.00 <= $1500.00,151,$0.00,-$1349.00 (Headroom),PASS,Monthly cost within budget with $1349.00 headroom.
run_1f6cf660b47b,Q09_SCALE_HARD_CEILING,3,1,CHK_SCALING_BANDWIDTH,Continuous Bandwidth Range,src.verifiers.independent_checker,"{""observed_bandwidth_mbps"": 105.0, ""min_bw"": 100.0, ""max_bw"": 1000.0}",Continuous Scaling Domain Bounds,105.0 Mbps,"[100.0, 1000.0] Mbps",in,Traffic Domain Bounds,100.0 <= 105.0 <= 1000.0,105,0.0 Mbps,Within Domain,PASS,Bandwidth is within operational bounds.
run_1f6cf660b47b,Q09_SCALE_HARD_CEILING,3,1,CHK_SCALING_REPLICAS,Worker Replica Capacity,src.verifiers.independent_checker,"{""observed_replicas"": 2, ""min_reps"": 1, ""max_reps"": 16}",Replica Domain Bounds,2 replica(s),"[1, 16] Replicas",in,Replica Domain Bounds,1 <= 2 <= 16,2,0 Replicas,Within Domain,PASS,Replica count is within operational limits.
run_1f6cf660b47b,Q09_SCALE_HARD_CEILING,3,1,CHK_SCALING_CPU_UTILIZATION,Continuous CPU Utilization,src.verifiers.independent_checker,"{""observed_bandwidth_mbps"": 105.0, ""replicas"": 2, ""capacity_factor_mbps"": 75.0, ""target_cpu_pct"": 70.0, ""max_cpu_ceiling"": 100.0}",Replica Capacity Model (75 Mbps/replica),70.0%,<= 100.0% (Tgt: 70.0%),<=,Replica Capacity Model (75 Mbps/replica),(105.0 Mbps / (2 * 75.0 Mbps)) * 100% = 70.00%,70,0.0%,-30.0% (Headroom),PASS,Modeled CPU (70.0%) satisfies <= 100.0% constraint.
run_1f6cf660b47b,Q09_SCALE_HARD_CEILING,3,1,CHK_SCALING_PRICING,Scaling Dynamic Pricing,src.verifiers.independent_checker,"{""observed_cost_usd"": 98.4, ""recomputed_cost_usd"": 98.4, ""cost_per_mbps"": 0.08, ""cost_per_replica"": 45.0}",Pricing Model ($0.08/Mbps + $45/rep),$98.40/mo (Reported),$98.40/mo (Formula),==,Pricing Model ($0.08/Mbps + $45/rep),(105.0 * $0.08) + (2 * $45.00) = $98.40,98.4,$0.50,$0.00 (Exact),PASS,Pricing matches dynamic scaling formula.
run_1f6cf660b47b,Q09_SCALE_HARD_CEILING,3,1,CHK_SCALING_BUDGET,Financial Monthly Budget,src.verifiers.independent_checker,"{""budget_max_usd"": 1500.0, ""recomputed_cost_usd"": 98.4}",Financial Budget Invariant,$98.40 USD,<= $1500.00 USD,<=,Financial Budget Invariant,$98.40 <= $1500.00,98.4,$0.00,-$1401.60 (Headroom),PASS,Monthly cost within budget with $1401.60 headroom.
run_6e731c250f43,Q09_SCALE_HARD_CEILING,4,1,CHK_SCALING_BANDWIDTH,Continuous Bandwidth Range,src.verifiers.independent_checker,"{""observed_bandwidth_mbps"": 315.0, ""min_bw"": 100.0, ""max_bw"": 1000.0}",Continuous Scaling Domain Bounds,315.0 Mbps,"[100.0, 1000.0] Mbps",in,Traffic Domain Bounds,100.0 <= 315.0 <= 1000.0,315,0.0 Mbps,Within Domain,PASS,Bandwidth is within operational bounds.
run_6e731c250f43,Q09_SCALE_HARD_CEILING,4,1,CHK_SCALING_REPLICAS,Worker Replica Capacity,src.verifiers.independent_checker,"{""observed_replicas"": 6, ""min_reps"": 1, ""max_reps"": 16}",Replica Domain Bounds,6 replica(s),"[1, 16] Replicas",in,Replica Domain Bounds,1 <= 6 <= 16,6,0 Replicas,Within Domain,PASS,Replica count is within operational limits.
run_6e731c250f43,Q09_SCALE_HARD_CEILING,4,1,CHK_SCALING_CPU_UTILIZATION,Continuous CPU Utilization,src.verifiers.independent_checker,"{""observed_bandwidth_mbps"": 315.0, ""replicas"": 6, ""capacity_factor_mbps"": 75.0, ""target_cpu_pct"": 70.0, ""max_cpu_ceiling"": 70.0}",Replica Capacity Model (75 Mbps/replica),70.0%,<= 70.0% (Tgt: 70.0%),<=,Replica Capacity Model (75 Mbps/replica),(315.0 Mbps / (6 * 75.0 Mbps)) * 100% = 70.00%,70,0.0%,0.0% (Headroom),PASS,Modeled CPU (70.0%) satisfies <= 70.0% constraint.
run_6e731c250f43,Q09_SCALE_HARD_CEILING,4,1,CHK_SCALING_PRICING,Scaling Dynamic Pricing,src.verifiers.independent_checker,"{""observed_cost_usd"": 295.2, ""recomputed_cost_usd"": 295.2, ""cost_per_mbps"": 0.08, ""cost_per_replica"": 45.0}",Pricing Model ($0.08/Mbps + $45/rep),$295.20/mo (Reported),$295.20/mo (Formula),==,Pricing Model ($0.08/Mbps + $45/rep),(315.0 * $0.08) + (6 * $45.00) = $295.20,295.2,$0.50,$0.00 (Exact),PASS,Pricing matches dynamic scaling formula.
run_6e731c250f43,Q09_SCALE_HARD_CEILING,4,1,CHK_SCALING_BUDGET,Financial Monthly Budget,src.verifiers.independent_checker,"{""budget_max_usd"": 1500.0, ""recomputed_cost_usd"": 295.2}",Financial Budget Invariant,$295.20 USD,<= $1500.00 USD,<=,Financial Budget Invariant,$295.20 <= $1500.00,295.2,$0.00,-$1204.80 (Headroom),PASS,Monthly cost within budget with $1204.80 headroom.
run_b54a496a59dc,Q10_SCALE_OVERLOAD_PREVENT,3,1,CHK_SCALING_BANDWIDTH,Continuous Bandwidth Range,src.verifiers.independent_checker,"{""observed_bandwidth_mbps"": 105.0, ""min_bw"": 100.0, ""max_bw"": 1000.0}",Continuous Scaling Domain Bounds,105.0 Mbps,"[100.0, 1000.0] Mbps",in,Traffic Domain Bounds,100.0 <= 105.0 <= 1000.0,105,0.0 Mbps,Within Domain,PASS,Bandwidth is within operational bounds.
run_b54a496a59dc,Q10_SCALE_OVERLOAD_PREVENT,3,1,CHK_SCALING_REPLICAS,Worker Replica Capacity,src.verifiers.independent_checker,"{""observed_replicas"": 2, ""min_reps"": 1, ""max_reps"": 16}",Replica Domain Bounds,2 replica(s),"[1, 16] Replicas",in,Replica Domain Bounds,1 <= 2 <= 16,2,0 Replicas,Within Domain,PASS,Replica count is within operational limits.
run_b54a496a59dc,Q10_SCALE_OVERLOAD_PREVENT,3,1,CHK_SCALING_CPU_UTILIZATION,Continuous CPU Utilization,src.verifiers.independent_checker,"{""observed_bandwidth_mbps"": 105.0, ""replicas"": 2, ""capacity_factor_mbps"": 75.0, ""target_cpu_pct"": 70.0, ""max_cpu_ceiling"": 100.0}",Replica Capacity Model (75 Mbps/replica),70.0%,<= 100.0% (Tgt: 70.0%),<=,Replica Capacity Model (75 Mbps/replica),(105.0 Mbps / (2 * 75.0 Mbps)) * 100% = 70.00%,70,0.0%,-30.0% (Headroom),PASS,Modeled CPU (70.0%) satisfies <= 100.0% constraint.
run_b54a496a59dc,Q10_SCALE_OVERLOAD_PREVENT,3,1,CHK_SCALING_PRICING,Scaling Dynamic Pricing,src.verifiers.independent_checker,"{""observed_cost_usd"": 98.4, ""recomputed_cost_usd"": 98.4, ""cost_per_mbps"": 0.08, ""cost_per_replica"": 45.0}",Pricing Model ($0.08/Mbps + $45/rep),$98.40/mo (Reported),$98.40/mo (Formula),==,Pricing Model ($0.08/Mbps + $45/rep),(105.0 * $0.08) + (2 * $45.00) = $98.40,98.4,$0.50,$0.00 (Exact),PASS,Pricing matches dynamic scaling formula.
run_b54a496a59dc,Q10_SCALE_OVERLOAD_PREVENT,3,1,CHK_SCALING_BUDGET,Financial Monthly Budget,src.verifiers.independent_checker,"{""budget_max_usd"": 1000.0, ""recomputed_cost_usd"": 98.4}",Financial Budget Invariant,$98.40 USD,<= $1000.00 USD,<=,Financial Budget Invariant,$98.40 <= $1000.00,98.4,$0.00,-$901.60 (Headroom),PASS,Monthly cost within budget with $901.60 headroom.
run_48af875d556c,Q10_SCALE_OVERLOAD_PREVENT,4,1,CHK_SCALING_BANDWIDTH,Continuous Bandwidth Range,src.verifiers.independent_checker,"{""observed_bandwidth_mbps"": 105.0, ""min_bw"": 100.0, ""max_bw"": 1000.0}",Continuous Scaling Domain Bounds,105.0 Mbps,"[100.0, 1000.0] Mbps",in,Traffic Domain Bounds,100.0 <= 105.0 <= 1000.0,105,0.0 Mbps,Within Domain,PASS,Bandwidth is within operational bounds.
run_48af875d556c,Q10_SCALE_OVERLOAD_PREVENT,4,1,CHK_SCALING_REPLICAS,Worker Replica Capacity,src.verifiers.independent_checker,"{""observed_replicas"": 2, ""min_reps"": 1, ""max_reps"": 16}",Replica Domain Bounds,2 replica(s),"[1, 16] Replicas",in,Replica Domain Bounds,1 <= 2 <= 16,2,0 Replicas,Within Domain,PASS,Replica count is within operational limits.
run_48af875d556c,Q10_SCALE_OVERLOAD_PREVENT,4,1,CHK_SCALING_CPU_UTILIZATION,Continuous CPU Utilization,src.verifiers.independent_checker,"{""observed_bandwidth_mbps"": 105.0, ""replicas"": 2, ""capacity_factor_mbps"": 75.0, ""target_cpu_pct"": 70.0, ""max_cpu_ceiling"": 100.0}",Replica Capacity Model (75 Mbps/replica),70.0%,<= 100.0% (Tgt: 70.0%),<=,Replica Capacity Model (75 Mbps/replica),(105.0 Mbps / (2 * 75.0 Mbps)) * 100% = 70.00%,70,0.0%,-30.0% (Headroom),PASS,Modeled CPU (70.0%) satisfies <= 100.0% constraint.
run_48af875d556c,Q10_SCALE_OVERLOAD_PREVENT,4,1,CHK_SCALING_PRICING,Scaling Dynamic Pricing,src.verifiers.independent_checker,"{""observed_cost_usd"": 98.4, ""recomputed_cost_usd"": 98.4, ""cost_per_mbps"": 0.08, ""cost_per_replica"": 45.0}",Pricing Model ($0.08/Mbps + $45/rep),$98.40/mo (Reported),$98.40/mo (Formula),==,Pricing Model ($0.08/Mbps + $45/rep),(105.0 * $0.08) + (2 * $45.00) = $98.40,98.4,$0.50,$0.00 (Exact),PASS,Pricing matches dynamic scaling formula.
run_48af875d556c,Q10_SCALE_OVERLOAD_PREVENT,4,1,CHK_SCALING_BUDGET,Financial Monthly Budget,src.verifiers.independent_checker,"{""budget_max_usd"": 1000.0, ""recomputed_cost_usd"": 98.4}",Financial Budget Invariant,$98.40 USD,<= $1000.00 USD,<=,Financial Budget Invariant,$98.40 <= $1000.00,98.4,$0.00,-$901.60 (Headroom),PASS,Monthly cost within budget with $901.60 headroom.
run_d7189564a232,Q11_SCALE_MISSING_BW,3,1,CHK_SCALING_BANDWIDTH,Continuous Bandwidth Range,src.verifiers.independent_checker,"{""observed_bandwidth_mbps"": 105.0, ""min_bw"": 100.0, ""max_bw"": 1000.0}",Continuous Scaling Domain Bounds,105.0 Mbps,"[100.0, 1000.0] Mbps",in,Traffic Domain Bounds,100.0 <= 105.0 <= 1000.0,105,0.0 Mbps,Within Domain,PASS,Bandwidth is within operational bounds.
run_d7189564a232,Q11_SCALE_MISSING_BW,3,1,CHK_SCALING_REPLICAS,Worker Replica Capacity,src.verifiers.independent_checker,"{""observed_replicas"": 2, ""min_reps"": 1, ""max_reps"": 16}",Replica Domain Bounds,2 replica(s),"[1, 16] Replicas",in,Replica Domain Bounds,1 <= 2 <= 16,2,0 Replicas,Within Domain,PASS,Replica count is within operational limits.
run_d7189564a232,Q11_SCALE_MISSING_BW,3,1,CHK_SCALING_CPU_UTILIZATION,Continuous CPU Utilization,src.verifiers.independent_checker,"{""observed_bandwidth_mbps"": 105.0, ""replicas"": 2, ""capacity_factor_mbps"": 75.0, ""target_cpu_pct"": 70.0, ""max_cpu_ceiling"": 100.0}",Replica Capacity Model (75 Mbps/replica),70.0%,<= 100.0% (Tgt: 70.0%),<=,Replica Capacity Model (75 Mbps/replica),(105.0 Mbps / (2 * 75.0 Mbps)) * 100% = 70.00%,70,0.0%,-30.0% (Headroom),PASS,Modeled CPU (70.0%) satisfies <= 100.0% constraint.
run_d7189564a232,Q11_SCALE_MISSING_BW,3,1,CHK_SCALING_PRICING,Scaling Dynamic Pricing,src.verifiers.independent_checker,"{""observed_cost_usd"": 98.4, ""recomputed_cost_usd"": 98.4, ""cost_per_mbps"": 0.08, ""cost_per_replica"": 45.0}",Pricing Model ($0.08/Mbps + $45/rep),$98.40/mo (Reported),$98.40/mo (Formula),==,Pricing Model ($0.08/Mbps + $45/rep),(105.0 * $0.08) + (2 * $45.00) = $98.40,98.4,$0.50,$0.00 (Exact),PASS,Pricing matches dynamic scaling formula.
run_d7189564a232,Q11_SCALE_MISSING_BW,3,1,CHK_SCALING_BUDGET,Financial Monthly Budget,src.verifiers.independent_checker,"{""budget_max_usd"": 1200.0, ""recomputed_cost_usd"": 98.4}",Financial Budget Invariant,$98.40 USD,<= $1200.00 USD,<=,Financial Budget Invariant,$98.40 <= $1200.00,98.4,$0.00,-$1101.60 (Headroom),PASS,Monthly cost within budget with $1101.60 headroom.
run_b716ed30d873,Q11_SCALE_MISSING_BW,4,1,CHK_SCALING_BANDWIDTH,Continuous Bandwidth Range,src.verifiers.independent_checker,"{""observed_bandwidth_mbps"": 105.0, ""min_bw"": 100.0, ""max_bw"": 1000.0}",Continuous Scaling Domain Bounds,105.0 Mbps,"[100.0, 1000.0] Mbps",in,Traffic Domain Bounds,100.0 <= 105.0 <= 1000.0,105,0.0 Mbps,Within Domain,PASS,Bandwidth is within operational bounds.
run_b716ed30d873,Q11_SCALE_MISSING_BW,4,1,CHK_SCALING_REPLICAS,Worker Replica Capacity,src.verifiers.independent_checker,"{""observed_replicas"": 2, ""min_reps"": 1, ""max_reps"": 16}",Replica Domain Bounds,2 replica(s),"[1, 16] Replicas",in,Replica Domain Bounds,1 <= 2 <= 16,2,0 Replicas,Within Domain,PASS,Replica count is within operational limits.
run_b716ed30d873,Q11_SCALE_MISSING_BW,4,1,CHK_SCALING_CPU_UTILIZATION,Continuous CPU Utilization,src.verifiers.independent_checker,"{""observed_bandwidth_mbps"": 105.0, ""replicas"": 2, ""capacity_factor_mbps"": 75.0, ""target_cpu_pct"": 70.0, ""max_cpu_ceiling"": 100.0}",Replica Capacity Model (75 Mbps/replica),70.0%,<= 100.0% (Tgt: 70.0%),<=,Replica Capacity Model (75 Mbps/replica),(105.0 Mbps / (2 * 75.0 Mbps)) * 100% = 70.00%,70,0.0%,-30.0% (Headroom),PASS,Modeled CPU (70.0%) satisfies <= 100.0% constraint.
run_b716ed30d873,Q11_SCALE_MISSING_BW,4,1,CHK_SCALING_PRICING,Scaling Dynamic Pricing,src.verifiers.independent_checker,"{""observed_cost_usd"": 98.4, ""recomputed_cost_usd"": 98.4, ""cost_per_mbps"": 0.08, ""cost_per_replica"": 45.0}",Pricing Model ($0.08/Mbps + $45/rep),$98.40/mo (Reported),$98.40/mo (Formula),==,Pricing Model ($0.08/Mbps + $45/rep),(105.0 * $0.08) + (2 * $45.00) = $98.40,98.4,$0.50,$0.00 (Exact),PASS,Pricing matches dynamic scaling formula.
run_b716ed30d873,Q11_SCALE_MISSING_BW,4,1,CHK_SCALING_BUDGET,Financial Monthly Budget,src.verifiers.independent_checker,"{""budget_max_usd"": 1200.0, ""recomputed_cost_usd"": 98.4}",Financial Budget Invariant,$98.40 USD,<= $1200.00 USD,<=,Financial Budget Invariant,$98.40 <= $1200.00,98.4,$0.00,-$1101.60 (Headroom),PASS,Monthly cost within budget with $1101.60 headroom.
run_f4f90e476f80,Q12_SCALE_IMPOSSIBLE_BUDGET,3,1,CHK_SCALING_BANDWIDTH,Continuous Bandwidth Range,src.verifiers.independent_checker,"{""observed_bandwidth_mbps"": 100.0, ""min_bw"": 100.0, ""max_bw"": 1000.0}",Continuous Scaling Domain Bounds,100.0 Mbps,"[100.0, 1000.0] Mbps",in,Traffic Domain Bounds,100.0 <= 100.0 <= 1000.0,100,0.0 Mbps,Within Domain,PASS,Bandwidth is within operational bounds.
run_f4f90e476f80,Q12_SCALE_IMPOSSIBLE_BUDGET,3,1,CHK_SCALING_REPLICAS,Worker Replica Capacity,src.verifiers.independent_checker,"{""observed_replicas"": 2, ""min_reps"": 1, ""max_reps"": 16}",Replica Domain Bounds,2 replica(s),"[1, 16] Replicas",in,Replica Domain Bounds,1 <= 2 <= 16,2,0 Replicas,Within Domain,PASS,Replica count is within operational limits.
run_f4f90e476f80,Q12_SCALE_IMPOSSIBLE_BUDGET,3,1,CHK_SCALING_CPU_UTILIZATION,Continuous CPU Utilization,src.verifiers.independent_checker,"{""observed_bandwidth_mbps"": 100.0, ""replicas"": 2, ""capacity_factor_mbps"": 75.0, ""target_cpu_pct"": 70.0, ""max_cpu_ceiling"": 100.0}",Replica Capacity Model (75 Mbps/replica),66.7%,<= 100.0% (Tgt: 70.0%),<=,Replica Capacity Model (75 Mbps/replica),(100.0 Mbps / (2 * 75.0 Mbps)) * 100% = 66.67%,66.67,0.0%,-33.3% (Headroom),PASS,Modeled CPU (66.7%) satisfies <= 100.0% constraint.
run_f4f90e476f80,Q12_SCALE_IMPOSSIBLE_BUDGET,3,1,CHK_SCALING_PRICING,Scaling Dynamic Pricing,src.verifiers.independent_checker,"{""observed_cost_usd"": 98.0, ""recomputed_cost_usd"": 98.0, ""cost_per_mbps"": 0.08, ""cost_per_replica"": 45.0}",Pricing Model ($0.08/Mbps + $45/rep),$98.00/mo (Reported),$98.00/mo (Formula),==,Pricing Model ($0.08/Mbps + $45/rep),(100.0 * $0.08) + (2 * $45.00) = $98.00,98,$0.50,$0.00 (Exact),PASS,Pricing matches dynamic scaling formula.
run_f4f90e476f80,Q12_SCALE_IMPOSSIBLE_BUDGET,3,1,CHK_SCALING_BUDGET,Financial Monthly Budget,src.verifiers.independent_checker,"{""budget_max_usd"": 30.0, ""recomputed_cost_usd"": 98.0}",Financial Budget Invariant,$98.00 USD,<= $30.00 USD,<=,Financial Budget Invariant,$98.00 <= $30.00,98,$0.00,+$68.00 (Overflow),FAIL,Budget overflow of $68.00.
run_76caba0e7800,Q12_SCALE_IMPOSSIBLE_BUDGET,4,1,CHK_SCALING_BANDWIDTH,Continuous Bandwidth Range,src.verifiers.independent_checker,"{""observed_bandwidth_mbps"": 800.0, ""min_bw"": 100.0, ""max_bw"": 1000.0}",Continuous Scaling Domain Bounds,800.0 Mbps,"[100.0, 1000.0] Mbps",in,Traffic Domain Bounds,100.0 <= 800.0 <= 1000.0,800,0.0 Mbps,Within Domain,PASS,Bandwidth is within operational bounds.
run_76caba0e7800,Q12_SCALE_IMPOSSIBLE_BUDGET,4,1,CHK_SCALING_REPLICAS,Worker Replica Capacity,src.verifiers.independent_checker,"{""observed_replicas"": 11, ""min_reps"": 1, ""max_reps"": 16}",Replica Domain Bounds,11 replica(s),"[1, 16] Replicas",in,Replica Domain Bounds,1 <= 11 <= 16,11,0 Replicas,Within Domain,PASS,Replica count is within operational limits.
run_76caba0e7800,Q12_SCALE_IMPOSSIBLE_BUDGET,4,1,CHK_SCALING_CPU_UTILIZATION,Continuous CPU Utilization,src.verifiers.independent_checker,"{""observed_bandwidth_mbps"": 800.0, ""replicas"": 11, ""capacity_factor_mbps"": 75.0, ""target_cpu_pct"": 70.0, ""max_cpu_ceiling"": 100.0}",Replica Capacity Model (75 Mbps/replica),97.0%,<= 100.0% (Tgt: 70.0%),<=,Replica Capacity Model (75 Mbps/replica),(800.0 Mbps / (11 * 75.0 Mbps)) * 100% = 96.97%,96.97,0.0%,-3.0% (Headroom),PASS,Modeled CPU (97.0%) satisfies <= 100.0% constraint.
run_76caba0e7800,Q12_SCALE_IMPOSSIBLE_BUDGET,4,1,CHK_SCALING_PRICING,Scaling Dynamic Pricing,src.verifiers.independent_checker,"{""observed_cost_usd"": 559.0, ""recomputed_cost_usd"": 559.0, ""cost_per_mbps"": 0.08, ""cost_per_replica"": 45.0}",Pricing Model ($0.08/Mbps + $45/rep),$559.00/mo (Reported),$559.00/mo (Formula),==,Pricing Model ($0.08/Mbps + $45/rep),(800.0 * $0.08) + (11 * $45.00) = $559.00,559,$0.50,$0.00 (Exact),PASS,Pricing matches dynamic scaling formula.
run_76caba0e7800,Q12_SCALE_IMPOSSIBLE_BUDGET,4,1,CHK_SCALING_BUDGET,Financial Monthly Budget,src.verifiers.independent_checker,"{""budget_max_usd"": 30.0, ""recomputed_cost_usd"": 559.0}",Financial Budget Invariant,$559.00 USD,<= $30.00 USD,<=,Financial Budget Invariant,$559.00 <= $30.00,559,$0.00,+$529.00 (Overflow),FAIL,Budget overflow of $529.00.
run_0fa3ce7fd13c,Q13_DR_FORMAL_AWS_GCP,3,1,CHK_DR_TOPOLOGY,Region Graph Topology,src.verifiers.independent_checker,"{""primary_region"": ""us-east-1"", ""secondary_region"": ""us-central1""}",InfrastructureGraph,us-east-1 & us-central1,Valid Nodes in Graph,in,InfrastructureGraph,'us-east-1' in graph and 'us-central1' in graph,True,0 unknown regions,Known Nodes,PASS,Both regions exist in regional infrastructure graph.
run_0fa3ce7fd13c,Q13_DR_FORMAL_AWS_GCP,3,1,CHK_DR_DISJOINT,Failure Domain Disjointness,src.verifiers.independent_checker,"{""region_a"": ""us-east-1"", ""region_b"": ""us-central1"", ""geo_a"": ""US_East"", ""geo_b"": ""US_Central"", ""prov_a"": ""AWS"", ""prov_b"": ""GCP""}",Fault Domain Invariant,us-east-1 vs us-central1,Primary != Secondary,!=,Fault Domain Invariant,'us-east-1' != 'us-central1' and not (US_East==US_Central and AWS==GCP),True,Distinct Region,Distinct Geographies,PASS,Regions reside in independent failure domains.
run_0fa3ce7fd13c,Q13_DR_FORMAL_AWS_GCP,3,1,CHK_DR_LATENCY,Inter-Region Network Latency,src.verifiers.independent_checker,"{""max_latency_ms"": 50.0, ""recomputed_latency_ms"": 32.0}",InfrastructureGraph Peer Latencies,32.0 ms,<= 50.0 ms,<=,Regional Latency Matrix,"latency(us-east-1, us-central1) = 32.0ms <= 50.0ms",32,0.0ms,-18.0 ms (Margin),PASS,Inter-region sync latency within bound (32.0ms).
run_0fa3ce7fd13c,Q13_DR_FORMAL_AWS_GCP,3,1,CHK_DR_SLA,Composite Availability SLA,src.verifiers.independent_checker,"{""target_sla_pct"": 99.99, ""recomputed_sla_pct"": 99.99997, ""node_a_sla"": 99.95, ""node_b_sla"": 99.95}",Composite Availability Invariant (Independent Failures),99.99997%,>= 99.9900%,>=,Composite Availability Model,1 - ((1 - 0.9995) * (1 - 0.9995)) = 99.99997%,100,0.0001%,+0.00997%,PASS,Composite availability SLA satisfies requirement.
run_0fa3ce7fd13c,Q13_DR_FORMAL_AWS_GCP,3,1,CHK_DR_BUDGET,Disaster Recovery Monthly Cost,src.verifiers.independent_checker,"{""budget_max_usd"": 600.0, ""recomputed_cost_usd"": 243.0, ""base_a"": 120.0, ""base_b"": 115.0, ""latency_ms"": 32.0}",Financial Budget Invariant,$243.00 USD,<= $600.00 USD,<=,Financial Budget Invariant,$120.00 + $115.00 + (32.0ms * $0.25) = $243.00,243,$0.00,-$357.00 (Headroom),PASS,Monthly cost within budget with $357.00 headroom.
run_4b80b4d3fbb6,Q13_DR_FORMAL_AWS_GCP,4,1,CHK_DR_TOPOLOGY,Region Graph Topology,src.verifiers.independent_checker,"{""primary_region"": ""us-east-1"", ""secondary_region"": ""us-central1""}",InfrastructureGraph,us-east-1 & us-central1,Valid Nodes in Graph,in,InfrastructureGraph,'us-east-1' in graph and 'us-central1' in graph,True,0 unknown regions,Known Nodes,PASS,Both regions exist in regional infrastructure graph.
run_4b80b4d3fbb6,Q13_DR_FORMAL_AWS_GCP,4,1,CHK_DR_DISJOINT,Failure Domain Disjointness,src.verifiers.independent_checker,"{""region_a"": ""us-east-1"", ""region_b"": ""us-central1"", ""geo_a"": ""US_East"", ""geo_b"": ""US_Central"", ""prov_a"": ""AWS"", ""prov_b"": ""GCP""}",Fault Domain Invariant,us-east-1 vs us-central1,Primary != Secondary,!=,Fault Domain Invariant,'us-east-1' != 'us-central1' and not (US_East==US_Central and AWS==GCP),True,Distinct Region,Distinct Geographies,PASS,Regions reside in independent failure domains.
run_4b80b4d3fbb6,Q13_DR_FORMAL_AWS_GCP,4,1,CHK_DR_LATENCY,Inter-Region Network Latency,src.verifiers.independent_checker,"{""max_latency_ms"": 50.0, ""recomputed_latency_ms"": 32.0}",InfrastructureGraph Peer Latencies,32.0 ms,<= 50.0 ms,<=,Regional Latency Matrix,"latency(us-east-1, us-central1) = 32.0ms <= 50.0ms",32,0.0ms,-18.0 ms (Margin),PASS,Inter-region sync latency within bound (32.0ms).
run_4b80b4d3fbb6,Q13_DR_FORMAL_AWS_GCP,4,1,CHK_DR_SLA,Composite Availability SLA,src.verifiers.independent_checker,"{""target_sla_pct"": 99.99, ""recomputed_sla_pct"": 99.99997, ""node_a_sla"": 99.95, ""node_b_sla"": 99.95}",Composite Availability Invariant (Independent Failures),99.99997%,>= 99.9900%,>=,Composite Availability Model,1 - ((1 - 0.9995) * (1 - 0.9995)) = 99.99997%,100,0.0001%,+0.00997%,PASS,Composite availability SLA satisfies requirement.
run_4b80b4d3fbb6,Q13_DR_FORMAL_AWS_GCP,4,1,CHK_DR_BUDGET,Disaster Recovery Monthly Cost,src.verifiers.independent_checker,"{""budget_max_usd"": 600.0, ""recomputed_cost_usd"": 243.0, ""base_a"": 120.0, ""base_b"": 115.0, ""latency_ms"": 32.0}",Financial Budget Invariant,$243.00 USD,<= $600.00 USD,<=,Financial Budget Invariant,$120.00 + $115.00 + (32.0ms * $0.25) = $243.00,243,$0.00,-$357.00 (Headroom),PASS,Monthly cost within budget with $357.00 headroom.
run_f271249c6866,Q14_DR_HINGLISH,3,1,CHK_DR_TOPOLOGY,Region Graph Topology,src.verifiers.independent_checker,"{""primary_region"": ""us-east-1"", ""secondary_region"": ""eastus""}",InfrastructureGraph,us-east-1 & eastus,Valid Nodes in Graph,in,InfrastructureGraph,'us-east-1' in graph and 'eastus' in graph,True,0 unknown regions,Known Nodes,PASS,Both regions exist in regional infrastructure graph.
run_f271249c6866,Q14_DR_HINGLISH,3,1,CHK_DR_DISJOINT,Failure Domain Disjointness,src.verifiers.independent_checker,"{""region_a"": ""us-east-1"", ""region_b"": ""eastus"", ""geo_a"": ""US_East"", ""geo_b"": ""US_East"", ""prov_a"": ""AWS"", ""prov_b"": ""Azure""}",Fault Domain Invariant,us-east-1 vs eastus,Primary != Secondary,!=,Fault Domain Invariant,'us-east-1' != 'eastus' and not (US_East==US_East and AWS==Azure),True,Distinct Region,Distinct Geographies,PASS,Regions reside in independent failure domains.
run_f271249c6866,Q14_DR_HINGLISH,3,1,CHK_DR_LATENCY,Inter-Region Network Latency,src.verifiers.independent_checker,"{""max_latency_ms"": 50.0, ""recomputed_latency_ms"": 12.0}",InfrastructureGraph Peer Latencies,12.0 ms,<= 50.0 ms,<=,Regional Latency Matrix,"latency(us-east-1, eastus) = 12.0ms <= 50.0ms",12,0.0ms,-38.0 ms (Margin),PASS,Inter-region sync latency within bound (12.0ms).
run_f271249c6866,Q14_DR_HINGLISH,3,1,CHK_DR_SLA,Composite Availability SLA,src.verifiers.independent_checker,"{""target_sla_pct"": 99.99, ""recomputed_sla_pct"": 99.99997, ""node_a_sla"": 99.95, ""node_b_sla"": 99.95}",Composite Availability Invariant (Independent Failures),99.99997%,>= 99.9900%,>=,Composite Availability Model,1 - ((1 - 0.9995) * (1 - 0.9995)) = 99.99997%,100,0.0001%,+0.00997%,PASS,Composite availability SLA satisfies requirement.
run_f271249c6866,Q14_DR_HINGLISH,3,1,CHK_DR_BUDGET,Disaster Recovery Monthly Cost,src.verifiers.independent_checker,"{""budget_max_usd"": 800.0, ""recomputed_cost_usd"": 248.0, ""base_a"": 120.0, ""base_b"": 125.0, ""latency_ms"": 12.0}",Financial Budget Invariant,$248.00 USD,<= $800.00 USD,<=,Financial Budget Invariant,$120.00 + $125.00 + (12.0ms * $0.25) = $248.00,248,$0.00,-$552.00 (Headroom),PASS,Monthly cost within budget with $552.00 headroom.
run_7641eff34b7e,Q14_DR_HINGLISH,4,1,CHK_DR_TOPOLOGY,Region Graph Topology,src.verifiers.independent_checker,"{""primary_region"": ""us-east-1"", ""secondary_region"": ""eastus""}",InfrastructureGraph,us-east-1 & eastus,Valid Nodes in Graph,in,InfrastructureGraph,'us-east-1' in graph and 'eastus' in graph,True,0 unknown regions,Known Nodes,PASS,Both regions exist in regional infrastructure graph.
run_7641eff34b7e,Q14_DR_HINGLISH,4,1,CHK_DR_DISJOINT,Failure Domain Disjointness,src.verifiers.independent_checker,"{""region_a"": ""us-east-1"", ""region_b"": ""eastus"", ""geo_a"": ""US_East"", ""geo_b"": ""US_East"", ""prov_a"": ""AWS"", ""prov_b"": ""Azure""}",Fault Domain Invariant,us-east-1 vs eastus,Primary != Secondary,!=,Fault Domain Invariant,'us-east-1' != 'eastus' and not (US_East==US_East and AWS==Azure),True,Distinct Region,Distinct Geographies,PASS,Regions reside in independent failure domains.
run_7641eff34b7e,Q14_DR_HINGLISH,4,1,CHK_DR_LATENCY,Inter-Region Network Latency,src.verifiers.independent_checker,"{""max_latency_ms"": 50.0, ""recomputed_latency_ms"": 12.0}",InfrastructureGraph Peer Latencies,12.0 ms,<= 50.0 ms,<=,Regional Latency Matrix,"latency(us-east-1, eastus) = 12.0ms <= 50.0ms",12,0.0ms,-38.0 ms (Margin),PASS,Inter-region sync latency within bound (12.0ms).
run_7641eff34b7e,Q14_DR_HINGLISH,4,1,CHK_DR_SLA,Composite Availability SLA,src.verifiers.independent_checker,"{""target_sla_pct"": 99.99, ""recomputed_sla_pct"": 99.99997, ""node_a_sla"": 99.95, ""node_b_sla"": 99.95}",Composite Availability Invariant (Independent Failures),99.99997%,>= 99.9900%,>=,Composite Availability Model,1 - ((1 - 0.9995) * (1 - 0.9995)) = 99.99997%,100,0.0001%,+0.00997%,PASS,Composite availability SLA satisfies requirement.
run_7641eff34b7e,Q14_DR_HINGLISH,4,1,CHK_DR_BUDGET,Disaster Recovery Monthly Cost,src.verifiers.independent_checker,"{""budget_max_usd"": 1000.0, ""recomputed_cost_usd"": 248.0, ""base_a"": 120.0, ""base_b"": 125.0, ""latency_ms"": 12.0}",Financial Budget Invariant,$248.00 USD,<= $1000.00 USD,<=,Financial Budget Invariant,$120.00 + $125.00 + (12.0ms * $0.25) = $248.00,248,$0.00,-$752.00 (Headroom),PASS,Monthly cost within budget with $752.00 headroom.
run_d6f78d93c680,Q15_DR_EXPLICIT_REGIONS,3,1,CHK_DR_TOPOLOGY,Region Graph Topology,src.verifiers.independent_checker,"{""primary_region"": ""us-east-1"", ""secondary_region"": ""us-west-2""}",InfrastructureGraph,us-east-1 & us-west-2,Valid Nodes in Graph,in,InfrastructureGraph,'us-east-1' in graph and 'us-west-2' in graph,True,0 unknown regions,Known Nodes,PASS,Both regions exist in regional infrastructure graph.
run_d6f78d93c680,Q15_DR_EXPLICIT_REGIONS,3,1,CHK_DR_DISJOINT,Failure Domain Disjointness,src.verifiers.independent_checker,"{""region_a"": ""us-east-1"", ""region_b"": ""us-west-2"", ""geo_a"": ""US_East"", ""geo_b"": ""US_West"", ""prov_a"": ""AWS"", ""prov_b"": ""AWS""}",Fault Domain Invariant,us-east-1 vs us-west-2,Primary != Secondary,!=,Fault Domain Invariant,'us-east-1' != 'us-west-2' and not (US_East==US_West and AWS==AWS),True,Distinct Region,Distinct Geographies,PASS,Regions reside in independent failure domains.
run_d6f78d93c680,Q15_DR_EXPLICIT_REGIONS,3,1,CHK_DR_LATENCY,Inter-Region Network Latency,src.verifiers.independent_checker,"{""max_latency_ms"": 70.0, ""recomputed_latency_ms"": 65.0}",InfrastructureGraph Peer Latencies,65.0 ms,<= 70.0 ms,<=,Regional Latency Matrix,"latency(us-east-1, us-west-2) = 65.0ms <= 70.0ms",65,0.0ms,-5.0 ms (Margin),PASS,Inter-region sync latency within bound (65.0ms).
run_d6f78d93c680,Q15_DR_EXPLICIT_REGIONS,3,1,CHK_DR_SLA,Composite Availability SLA,src.verifiers.independent_checker,"{""target_sla_pct"": 99.9, ""recomputed_sla_pct"": 99.99997, ""node_a_sla"": 99.95, ""node_b_sla"": 99.95}",Composite Availability Invariant (Independent Failures),99.99997%,>= 99.9000%,>=,Composite Availability Model,1 - ((1 - 0.9995) * (1 - 0.9995)) = 99.99997%,100,0.0001%,+0.09997%,PASS,Composite availability SLA satisfies requirement.
run_d6f78d93c680,Q15_DR_EXPLICIT_REGIONS,3,1,CHK_DR_BUDGET,Disaster Recovery Monthly Cost,src.verifiers.independent_checker,"{""budget_max_usd"": 850.0, ""recomputed_cost_usd"": 266.25, ""base_a"": 120.0, ""base_b"": 130.0, ""latency_ms"": 65.0}",Financial Budget Invariant,$266.25 USD,<= $850.00 USD,<=,Financial Budget Invariant,$120.00 + $130.00 + (65.0ms * $0.25) = $266.25,266.25,$0.00,-$583.75 (Headroom),PASS,Monthly cost within budget with $583.75 headroom.
run_cd98f286e30a,Q15_DR_EXPLICIT_REGIONS,4,1,CHK_DR_TOPOLOGY,Region Graph Topology,src.verifiers.independent_checker,"{""primary_region"": ""us-east-1"", ""secondary_region"": ""us-central1""}",InfrastructureGraph,us-east-1 & us-central1,Valid Nodes in Graph,in,InfrastructureGraph,'us-east-1' in graph and 'us-central1' in graph,True,0 unknown regions,Known Nodes,PASS,Both regions exist in regional infrastructure graph.
run_cd98f286e30a,Q15_DR_EXPLICIT_REGIONS,4,1,CHK_DR_DISJOINT,Failure Domain Disjointness,src.verifiers.independent_checker,"{""region_a"": ""us-east-1"", ""region_b"": ""us-central1"", ""geo_a"": ""US_East"", ""geo_b"": ""US_Central"", ""prov_a"": ""AWS"", ""prov_b"": ""GCP""}",Fault Domain Invariant,us-east-1 vs us-central1,Primary != Secondary,!=,Fault Domain Invariant,'us-east-1' != 'us-central1' and not (US_East==US_Central and AWS==GCP),True,Distinct Region,Distinct Geographies,PASS,Regions reside in independent failure domains.
run_cd98f286e30a,Q15_DR_EXPLICIT_REGIONS,4,1,CHK_DR_LATENCY,Inter-Region Network Latency,src.verifiers.independent_checker,"{""max_latency_ms"": 70.0, ""recomputed_latency_ms"": 32.0}",InfrastructureGraph Peer Latencies,32.0 ms,<= 70.0 ms,<=,Regional Latency Matrix,"latency(us-east-1, us-central1) = 32.0ms <= 70.0ms",32,0.0ms,-38.0 ms (Margin),PASS,Inter-region sync latency within bound (32.0ms).
run_cd98f286e30a,Q15_DR_EXPLICIT_REGIONS,4,1,CHK_DR_SLA,Composite Availability SLA,src.verifiers.independent_checker,"{""target_sla_pct"": 99.9, ""recomputed_sla_pct"": 99.99997, ""node_a_sla"": 99.95, ""node_b_sla"": 99.95}",Composite Availability Invariant (Independent Failures),99.99997%,>= 99.9000%,>=,Composite Availability Model,1 - ((1 - 0.9995) * (1 - 0.9995)) = 99.99997%,100,0.0001%,+0.09997%,PASS,Composite availability SLA satisfies requirement.
run_cd98f286e30a,Q15_DR_EXPLICIT_REGIONS,4,1,CHK_DR_BUDGET,Disaster Recovery Monthly Cost,src.verifiers.independent_checker,"{""budget_max_usd"": 850.0, ""recomputed_cost_usd"": 243.0, ""base_a"": 120.0, ""base_b"": 115.0, ""latency_ms"": 32.0}",Financial Budget Invariant,$243.00 USD,<= $850.00 USD,<=,Financial Budget Invariant,$120.00 + $115.00 + (32.0ms * $0.25) = $243.00,243,$0.00,-$607.00 (Headroom),PASS,Monthly cost within budget with $607.00 headroom.
run_a53d87c52851,Q16_DR_TIGHT_LATENCY,3,1,CHK_DR_TOPOLOGY,Region Graph Topology,src.verifiers.independent_checker,"{""primary_region"": ""N/A"", ""secondary_region"": ""N/A""}",InfrastructureGraph,N/A & N/A,Valid Nodes in Graph,in,InfrastructureGraph,primary in graph and secondary in graph,False,0 unknown regions,Invalid Region ID,FAIL,Invalid or missing region identifier(s).
run_4d24f38a146a,Q16_DR_TIGHT_LATENCY,4,1,CHK_DR_TOPOLOGY,Region Graph Topology,src.verifiers.independent_checker,"{""primary_region"": ""N/A"", ""secondary_region"": ""N/A""}",InfrastructureGraph,N/A & N/A,Valid Nodes in Graph,in,InfrastructureGraph,primary in graph and secondary in graph,False,0 unknown regions,Invalid Region ID,FAIL,Invalid or missing region identifier(s).
run_ca374e1284d2,Q17_DR_MISSING_PROVIDERS,3,1,CHK_DR_TOPOLOGY,Region Graph Topology,src.verifiers.independent_checker,"{""primary_region"": ""us-east-1"", ""secondary_region"": ""us-west-2""}",InfrastructureGraph,us-east-1 & us-west-2,Valid Nodes in Graph,in,InfrastructureGraph,'us-east-1' in graph and 'us-west-2' in graph,True,0 unknown regions,Known Nodes,PASS,Both regions exist in regional infrastructure graph.
run_ca374e1284d2,Q17_DR_MISSING_PROVIDERS,3,1,CHK_DR_DISJOINT,Failure Domain Disjointness,src.verifiers.independent_checker,"{""region_a"": ""us-east-1"", ""region_b"": ""us-west-2"", ""geo_a"": ""US_East"", ""geo_b"": ""US_West"", ""prov_a"": ""AWS"", ""prov_b"": ""AWS""}",Fault Domain Invariant,us-east-1 vs us-west-2,Primary != Secondary,!=,Fault Domain Invariant,'us-east-1' != 'us-west-2' and not (US_East==US_West and AWS==AWS),True,Distinct Region,Distinct Geographies,PASS,Regions reside in independent failure domains.
run_ca374e1284d2,Q17_DR_MISSING_PROVIDERS,3,1,CHK_DR_LATENCY,Inter-Region Network Latency,src.verifiers.independent_checker,"{""max_latency_ms"": 100.0, ""recomputed_latency_ms"": 65.0}",InfrastructureGraph Peer Latencies,65.0 ms,<= 100.0 ms,<=,Regional Latency Matrix,"latency(us-east-1, us-west-2) = 65.0ms <= 100.0ms",65,0.0ms,-35.0 ms (Margin),PASS,Inter-region sync latency within bound (65.0ms).
run_ca374e1284d2,Q17_DR_MISSING_PROVIDERS,3,1,CHK_DR_SLA,Composite Availability SLA,src.verifiers.independent_checker,"{""target_sla_pct"": 99.99, ""recomputed_sla_pct"": 99.99997, ""node_a_sla"": 99.95, ""node_b_sla"": 99.95}",Composite Availability Invariant (Independent Failures),99.99997%,>= 99.9900%,>=,Composite Availability Model,1 - ((1 - 0.9995) * (1 - 0.9995)) = 99.99997%,100,0.0001%,+0.00997%,PASS,Composite availability SLA satisfies requirement.
run_ca374e1284d2,Q17_DR_MISSING_PROVIDERS,3,1,CHK_DR_BUDGET,Disaster Recovery Monthly Cost,src.verifiers.independent_checker,"{""budget_max_usd"": 500.0, ""recomputed_cost_usd"": 266.25, ""base_a"": 120.0, ""base_b"": 130.0, ""latency_ms"": 65.0}",Financial Budget Invariant,$266.25 USD,<= $500.00 USD,<=,Financial Budget Invariant,$120.00 + $130.00 + (65.0ms * $0.25) = $266.25,266.25,$0.00,-$233.75 (Headroom),PASS,Monthly cost within budget with $233.75 headroom.
run_1b290c34e38f,Q17_DR_MISSING_PROVIDERS,4,1,CHK_DR_TOPOLOGY,Region Graph Topology,src.verifiers.independent_checker,"{""primary_region"": ""us-east-1"", ""secondary_region"": ""us-central1""}",InfrastructureGraph,us-east-1 & us-central1,Valid Nodes in Graph,in,InfrastructureGraph,'us-east-1' in graph and 'us-central1' in graph,True,0 unknown regions,Known Nodes,PASS,Both regions exist in regional infrastructure graph.
run_1b290c34e38f,Q17_DR_MISSING_PROVIDERS,4,1,CHK_DR_DISJOINT,Failure Domain Disjointness,src.verifiers.independent_checker,"{""region_a"": ""us-east-1"", ""region_b"": ""us-central1"", ""geo_a"": ""US_East"", ""geo_b"": ""US_Central"", ""prov_a"": ""AWS"", ""prov_b"": ""GCP""}",Fault Domain Invariant,us-east-1 vs us-central1,Primary != Secondary,!=,Fault Domain Invariant,'us-east-1' != 'us-central1' and not (US_East==US_Central and AWS==GCP),True,Distinct Region,Distinct Geographies,PASS,Regions reside in independent failure domains.
run_1b290c34e38f,Q17_DR_MISSING_PROVIDERS,4,1,CHK_DR_LATENCY,Inter-Region Network Latency,src.verifiers.independent_checker,"{""max_latency_ms"": 100.0, ""recomputed_latency_ms"": 32.0}",InfrastructureGraph Peer Latencies,32.0 ms,<= 100.0 ms,<=,Regional Latency Matrix,"latency(us-east-1, us-central1) = 32.0ms <= 100.0ms",32,0.0ms,-68.0 ms (Margin),PASS,Inter-region sync latency within bound (32.0ms).
run_1b290c34e38f,Q17_DR_MISSING_PROVIDERS,4,1,CHK_DR_SLA,Composite Availability SLA,src.verifiers.independent_checker,"{""target_sla_pct"": 99.99, ""recomputed_sla_pct"": 99.99997, ""node_a_sla"": 99.95, ""node_b_sla"": 99.95}",Composite Availability Invariant (Independent Failures),99.99997%,>= 99.9900%,>=,Composite Availability Model,1 - ((1 - 0.9995) * (1 - 0.9995)) = 99.99997%,100,0.0001%,+0.00997%,PASS,Composite availability SLA satisfies requirement.
run_1b290c34e38f,Q17_DR_MISSING_PROVIDERS,4,1,CHK_DR_BUDGET,Disaster Recovery Monthly Cost,src.verifiers.independent_checker,"{""budget_max_usd"": 1000.0, ""recomputed_cost_usd"": 243.0, ""base_a"": 120.0, ""base_b"": 115.0, ""latency_ms"": 32.0}",Financial Budget Invariant,$243.00 USD,<= $1000.00 USD,<=,Financial Budget Invariant,$120.00 + $115.00 + (32.0ms * $0.25) = $243.00,243,$0.00,-$757.00 (Headroom),PASS,Monthly cost within budget with $757.00 headroom.
run_5c0eaac4322f,Q18_DR_IMPOSSIBLE_LATENCY,3,1,CHK_DR_TOPOLOGY,Region Graph Topology,src.verifiers.independent_checker,"{""primary_region"": ""N/A"", ""secondary_region"": ""N/A""}",InfrastructureGraph,N/A & N/A,Valid Nodes in Graph,in,InfrastructureGraph,primary in graph and secondary in graph,False,0 unknown regions,Invalid Region ID,FAIL,Invalid or missing region identifier(s).
run_59171306ac09,Q18_DR_IMPOSSIBLE_LATENCY,4,1,CHK_DR_TOPOLOGY,Region Graph Topology,src.verifiers.independent_checker,"{""primary_region"": ""N/A"", ""secondary_region"": ""N/A""}",InfrastructureGraph,N/A & N/A,Valid Nodes in Graph,in,InfrastructureGraph,primary in graph and secondary in graph,False,0 unknown regions,Invalid Region ID,FAIL,Invalid or missing region identifier(s).
run_e1c017db47b4,Q19_UNSUPPORTED_QUANTUM,3,1,CHK_VM_CATALOG,SKU Catalog Existence,src.verifiers.independent_checker,"{""sku_details"": [""t3.medium (x1)""], ""catalog_consistent"": true}",DatabaseBackedCatalog,t3.medium (x1),Valid in DB,in,DatabaseBackedCatalog,all(sku in DB for sku in ['t3.medium (x1)']),True,0 unknown SKUs,Exact Match,PASS,All allocated SKUs verified against catalog ground truth.
run_e1c017db47b4,Q19_UNSUPPORTED_QUANTUM,3,1,CHK_VM_PRICING,SKU Pricing Integrity,src.verifiers.independent_checker,"{""reported_cost_usd"": 30.37, ""recomputed_cost_usd"": 30.37, ""cost_delta_usd"": 0.0}",DatabaseBackedCatalog,$30.37/mo (Reported),$30.37/mo (Catalog),==,DatabaseBackedCatalog,sum(hourly_price * 730 * count) = $30.37,30.37,$0.50,$0.00 (Exact),PASS,Reported cost matches catalog pricing within $0.50 tolerance.
run_e1c017db47b4,Q19_UNSUPPORTED_QUANTUM,3,1,CHK_VM_VCPU,Compute Capacity (vCPUs),src.verifiers.independent_checker,"{""required_vcpus"": 1, ""allocated_vcpus"": 2}",DatabaseBackedCatalog,2 vCPUs,>= 1 vCPUs,>=,DatabaseBackedCatalog,sum(vcpus * count) = 2 >= 1,2,0 vCPUs,+1 vCPUs,PASS,Compute capacity satisfies requirement.
run_e1c017db47b4,Q19_UNSUPPORTED_QUANTUM,3,1,CHK_VM_RAM,Memory Capacity (RAM),src.verifiers.independent_checker,"{""required_ram_gb"": 1.0, ""allocated_ram_gb"": 4.0}",DatabaseBackedCatalog,4.0 GB,>= 1.0 GB,>=,DatabaseBackedCatalog,sum(ram_gb * count) = 4.0 >= 1.0,4,0.0 GB,+3.0 GB,PASS,Memory capacity satisfies requirement.
run_e1c017db47b4,Q19_UNSUPPORTED_QUANTUM,3,1,CHK_VM_BUDGET,Financial Monthly Budget,src.verifiers.independent_checker,"{""budget_max_usd"": 500.0, ""recomputed_cost_usd"": 30.37}",Financial Budget Invariant,$30.37 USD,<= $500.00 USD,<=,Financial Budget Invariant,$30.37 <= $500.00,30.37,$0.00,-$469.63 (Headroom),PASS,Monthly cost within budget with $469.63 headroom.
run_3c20933d53e9,Q20_UNSUPPORTED_SQL,3,1,CHK_VM_CATALOG,SKU Catalog Existence,src.verifiers.independent_checker,"{""sku_details"": [""t3.medium (x1)""], ""catalog_consistent"": true}",DatabaseBackedCatalog,t3.medium (x1),Valid in DB,in,DatabaseBackedCatalog,all(sku in DB for sku in ['t3.medium (x1)']),True,0 unknown SKUs,Exact Match,PASS,All allocated SKUs verified against catalog ground truth.
run_3c20933d53e9,Q20_UNSUPPORTED_SQL,3,1,CHK_VM_PRICING,SKU Pricing Integrity,src.verifiers.independent_checker,"{""reported_cost_usd"": 30.37, ""recomputed_cost_usd"": 30.37, ""cost_delta_usd"": 0.0}",DatabaseBackedCatalog,$30.37/mo (Reported),$30.37/mo (Catalog),==,DatabaseBackedCatalog,sum(hourly_price * 730 * count) = $30.37,30.37,$0.50,$0.00 (Exact),PASS,Reported cost matches catalog pricing within $0.50 tolerance.
run_3c20933d53e9,Q20_UNSUPPORTED_SQL,3,1,CHK_VM_VCPU,Compute Capacity (vCPUs),src.verifiers.independent_checker,"{""required_vcpus"": 1, ""allocated_vcpus"": 2}",DatabaseBackedCatalog,2 vCPUs,>= 1 vCPUs,>=,DatabaseBackedCatalog,sum(vcpus * count) = 2 >= 1,2,0 vCPUs,+1 vCPUs,PASS,Compute capacity satisfies requirement.
run_3c20933d53e9,Q20_UNSUPPORTED_SQL,3,1,CHK_VM_RAM,Memory Capacity (RAM),src.verifiers.independent_checker,"{""required_ram_gb"": 1.0, ""allocated_ram_gb"": 4.0}",DatabaseBackedCatalog,4.0 GB,>= 1.0 GB,>=,DatabaseBackedCatalog,sum(ram_gb * count) = 4.0 >= 1.0,4,0.0 GB,+3.0 GB,PASS,Memory capacity satisfies requirement.
run_3c20933d53e9,Q20_UNSUPPORTED_SQL,3,1,CHK_VM_BUDGET,Financial Monthly Budget,src.verifiers.independent_checker,"{""budget_max_usd"": 500.0, ""recomputed_cost_usd"": 30.37}",Financial Budget Invariant,$30.37 USD,<= $500.00 USD,<=,Financial Budget Invariant,$30.37 <= $500.00,30.37,$0.00,-$469.63 (Headroom),PASS,Monthly cost within budget with $469.63 headroom.
run_a4b254d38e2b,Q20_UNSUPPORTED_SQL,4,1,CHK_VM_CATALOG,SKU Catalog Existence,src.verifiers.independent_checker,"{""sku_details"": [""t3.xlarge (x1)""], ""catalog_consistent"": true}",DatabaseBackedCatalog,t3.xlarge (x1),Valid in DB,in,DatabaseBackedCatalog,all(sku in DB for sku in ['t3.xlarge (x1)']),True,0 unknown SKUs,Exact Match,PASS,All allocated SKUs verified against catalog ground truth.
run_a4b254d38e2b,Q20_UNSUPPORTED_SQL,4,1,CHK_VM_PRICING,SKU Pricing Integrity,src.verifiers.independent_checker,"{""reported_cost_usd"": 121.47, ""recomputed_cost_usd"": 121.47, ""cost_delta_usd"": 0.0}",DatabaseBackedCatalog,$121.47/mo (Reported),$121.47/mo (Catalog),==,DatabaseBackedCatalog,sum(hourly_price * 730 * count) = $121.47,121.47,$0.50,$0.00 (Exact),PASS,Reported cost matches catalog pricing within $0.50 tolerance.
run_a4b254d38e2b,Q20_UNSUPPORTED_SQL,4,1,CHK_VM_VCPU,Compute Capacity (vCPUs),src.verifiers.independent_checker,"{""required_vcpus"": 4, ""allocated_vcpus"": 4}",DatabaseBackedCatalog,4 vCPUs,>= 4 vCPUs,>=,DatabaseBackedCatalog,sum(vcpus * count) = 4 >= 4,4,0 vCPUs,+0 vCPUs,PASS,Compute capacity satisfies requirement.
run_a4b254d38e2b,Q20_UNSUPPORTED_SQL,4,1,CHK_VM_RAM,Memory Capacity (RAM),src.verifiers.independent_checker,"{""required_ram_gb"": 16.0, ""allocated_ram_gb"": 16.0}",DatabaseBackedCatalog,16.0 GB,>= 16.0 GB,>=,DatabaseBackedCatalog,sum(ram_gb * count) = 16.0 >= 16.0,16,0.0 GB,+0.0 GB,PASS,Memory capacity satisfies requirement.
run_a4b254d38e2b,Q20_UNSUPPORTED_SQL,4,1,CHK_VM_BUDGET,Financial Monthly Budget,src.verifiers.independent_checker,"{""budget_max_usd"": 300.0, ""recomputed_cost_usd"": 121.47}",Financial Budget Invariant,$121.47 USD,<= $300.00 USD,<=,Financial Budget Invariant,$121.47 <= $300.00,121.47,$0.00,-$178.53 (Headroom),PASS,Monthly cost within budget with $178.53 headroom.
run_4d685dbc38d2,Q21_UNSUPPORTED_K8S_STORAGE,3,1,CHK_DR_TOPOLOGY,Region Graph Topology,src.verifiers.independent_checker,"{""primary_region"": ""us-east-1"", ""secondary_region"": ""us-west-2""}",InfrastructureGraph,us-east-1 & us-west-2,Valid Nodes in Graph,in,InfrastructureGraph,'us-east-1' in graph and 'us-west-2' in graph,True,0 unknown regions,Known Nodes,PASS,Both regions exist in regional infrastructure graph.
run_4d685dbc38d2,Q21_UNSUPPORTED_K8S_STORAGE,3,1,CHK_DR_DISJOINT,Failure Domain Disjointness,src.verifiers.independent_checker,"{""region_a"": ""us-east-1"", ""region_b"": ""us-west-2"", ""geo_a"": ""US_East"", ""geo_b"": ""US_West"", ""prov_a"": ""AWS"", ""prov_b"": ""AWS""}",Fault Domain Invariant,us-east-1 vs us-west-2,Primary != Secondary,!=,Fault Domain Invariant,'us-east-1' != 'us-west-2' and not (US_East==US_West and AWS==AWS),True,Distinct Region,Distinct Geographies,PASS,Regions reside in independent failure domains.
run_4d685dbc38d2,Q21_UNSUPPORTED_K8S_STORAGE,3,1,CHK_DR_LATENCY,Inter-Region Network Latency,src.verifiers.independent_checker,"{""max_latency_ms"": 100.0, ""recomputed_latency_ms"": 65.0}",InfrastructureGraph Peer Latencies,65.0 ms,<= 100.0 ms,<=,Regional Latency Matrix,"latency(us-east-1, us-west-2) = 65.0ms <= 100.0ms",65,0.0ms,-35.0 ms (Margin),PASS,Inter-region sync latency within bound (65.0ms).
run_4d685dbc38d2,Q21_UNSUPPORTED_K8S_STORAGE,3,1,CHK_DR_SLA,Composite Availability SLA,src.verifiers.independent_checker,"{""target_sla_pct"": 99.9, ""recomputed_sla_pct"": 99.99997, ""node_a_sla"": 99.95, ""node_b_sla"": 99.95}",Composite Availability Invariant (Independent Failures),99.99997%,>= 99.9000%,>=,Composite Availability Model,1 - ((1 - 0.9995) * (1 - 0.9995)) = 99.99997%,100,0.0001%,+0.09997%,PASS,Composite availability SLA satisfies requirement.
run_4d685dbc38d2,Q21_UNSUPPORTED_K8S_STORAGE,3,1,CHK_DR_BUDGET,Disaster Recovery Monthly Cost,src.verifiers.independent_checker,"{""budget_max_usd"": 500.0, ""recomputed_cost_usd"": 266.25, ""base_a"": 120.0, ""base_b"": 130.0, ""latency_ms"": 65.0}",Financial Budget Invariant,$266.25 USD,<= $500.00 USD,<=,Financial Budget Invariant,$120.00 + $130.00 + (65.0ms * $0.25) = $266.25,266.25,$0.00,-$233.75 (Headroom),PASS,Monthly cost within budget with $233.75 headroom.
run_973ab8a86adf,Q21_UNSUPPORTED_K8S_STORAGE,4,1,CHK_VM_CATALOG,SKU Catalog Existence,src.verifiers.independent_checker,"{""sku_details"": [""t3.xlarge (x1)""], ""catalog_consistent"": true}",DatabaseBackedCatalog,t3.xlarge (x1),Valid in DB,in,DatabaseBackedCatalog,all(sku in DB for sku in ['t3.xlarge (x1)']),True,0 unknown SKUs,Exact Match,PASS,All allocated SKUs verified against catalog ground truth.
run_973ab8a86adf,Q21_UNSUPPORTED_K8S_STORAGE,4,1,CHK_VM_PRICING,SKU Pricing Integrity,src.verifiers.independent_checker,"{""reported_cost_usd"": 121.47, ""recomputed_cost_usd"": 121.47, ""cost_delta_usd"": 0.0}",DatabaseBackedCatalog,$121.47/mo (Reported),$121.47/mo (Catalog),==,DatabaseBackedCatalog,sum(hourly_price * 730 * count) = $121.47,121.47,$0.50,$0.00 (Exact),PASS,Reported cost matches catalog pricing within $0.50 tolerance.
run_973ab8a86adf,Q21_UNSUPPORTED_K8S_STORAGE,4,1,CHK_VM_VCPU,Compute Capacity (vCPUs),src.verifiers.independent_checker,"{""required_vcpus"": 4, ""allocated_vcpus"": 4}",DatabaseBackedCatalog,4 vCPUs,>= 4 vCPUs,>=,DatabaseBackedCatalog,sum(vcpus * count) = 4 >= 4,4,0 vCPUs,+0 vCPUs,PASS,Compute capacity satisfies requirement.
run_973ab8a86adf,Q21_UNSUPPORTED_K8S_STORAGE,4,1,CHK_VM_RAM,Memory Capacity (RAM),src.verifiers.independent_checker,"{""required_ram_gb"": 16.0, ""allocated_ram_gb"": 16.0}",DatabaseBackedCatalog,16.0 GB,>= 16.0 GB,>=,DatabaseBackedCatalog,sum(ram_gb * count) = 16.0 >= 16.0,16,0.0 GB,+0.0 GB,PASS,Memory capacity satisfies requirement.
run_973ab8a86adf,Q21_UNSUPPORTED_K8S_STORAGE,4,1,CHK_VM_BUDGET,Financial Monthly Budget,src.verifiers.independent_checker,"{""budget_max_usd"": 300.0, ""recomputed_cost_usd"": 121.47}",Financial Budget Invariant,$121.47 USD,<= $300.00 USD,<=,Financial Budget Invariant,$121.47 <= $300.00,121.47,$0.00,-$178.53 (Headroom),PASS,Monthly cost within budget with $178.53 headroom.
run_a608372b8a95,Q22_UNSUPPORTED_HINGLISH_CHITCHAT,3,1,CHK_VM_CATALOG,SKU Catalog Existence,src.verifiers.independent_checker,"{""sku_details"": [""t3.medium (x1)""], ""catalog_consistent"": true}",DatabaseBackedCatalog,t3.medium (x1),Valid in DB,in,DatabaseBackedCatalog,all(sku in DB for sku in ['t3.medium (x1)']),True,0 unknown SKUs,Exact Match,PASS,All allocated SKUs verified against catalog ground truth.
run_a608372b8a95,Q22_UNSUPPORTED_HINGLISH_CHITCHAT,3,1,CHK_VM_PRICING,SKU Pricing Integrity,src.verifiers.independent_checker,"{""reported_cost_usd"": 30.37, ""recomputed_cost_usd"": 30.37, ""cost_delta_usd"": 0.0}",DatabaseBackedCatalog,$30.37/mo (Reported),$30.37/mo (Catalog),==,DatabaseBackedCatalog,sum(hourly_price * 730 * count) = $30.37,30.37,$0.50,$0.00 (Exact),PASS,Reported cost matches catalog pricing within $0.50 tolerance.
run_a608372b8a95,Q22_UNSUPPORTED_HINGLISH_CHITCHAT,3,1,CHK_VM_VCPU,Compute Capacity (vCPUs),src.verifiers.independent_checker,"{""required_vcpus"": 1, ""allocated_vcpus"": 2}",DatabaseBackedCatalog,2 vCPUs,>= 1 vCPUs,>=,DatabaseBackedCatalog,sum(vcpus * count) = 2 >= 1,2,0 vCPUs,+1 vCPUs,PASS,Compute capacity satisfies requirement.
run_a608372b8a95,Q22_UNSUPPORTED_HINGLISH_CHITCHAT,3,1,CHK_VM_RAM,Memory Capacity (RAM),src.verifiers.independent_checker,"{""required_ram_gb"": 1.0, ""allocated_ram_gb"": 4.0}",DatabaseBackedCatalog,4.0 GB,>= 1.0 GB,>=,DatabaseBackedCatalog,sum(ram_gb * count) = 4.0 >= 1.0,4,0.0 GB,+3.0 GB,PASS,Memory capacity satisfies requirement.
run_a608372b8a95,Q22_UNSUPPORTED_HINGLISH_CHITCHAT,3,1,CHK_VM_BUDGET,Financial Monthly Budget,src.verifiers.independent_checker,"{""budget_max_usd"": 500.0, ""recomputed_cost_usd"": 30.37}",Financial Budget Invariant,$30.37 USD,<= $500.00 USD,<=,Financial Budget Invariant,$30.37 <= $500.00,30.37,$0.00,-$469.63 (Headroom),PASS,Monthly cost within budget with $469.63 headroom.
run_508247c257e3,Q22_UNSUPPORTED_HINGLISH_CHITCHAT,4,1,CHK_VM_CATALOG,SKU Catalog Existence,src.verifiers.independent_checker,"{""sku_details"": [""t3.xlarge (x1)""], ""catalog_consistent"": true}",DatabaseBackedCatalog,t3.xlarge (x1),Valid in DB,in,DatabaseBackedCatalog,all(sku in DB for sku in ['t3.xlarge (x1)']),True,0 unknown SKUs,Exact Match,PASS,All allocated SKUs verified against catalog ground truth.
run_508247c257e3,Q22_UNSUPPORTED_HINGLISH_CHITCHAT,4,1,CHK_VM_PRICING,SKU Pricing Integrity,src.verifiers.independent_checker,"{""reported_cost_usd"": 121.47, ""recomputed_cost_usd"": 121.47, ""cost_delta_usd"": 0.0}",DatabaseBackedCatalog,$121.47/mo (Reported),$121.47/mo (Catalog),==,DatabaseBackedCatalog,sum(hourly_price * 730 * count) = $121.47,121.47,$0.50,$0.00 (Exact),PASS,Reported cost matches catalog pricing within $0.50 tolerance.
run_508247c257e3,Q22_UNSUPPORTED_HINGLISH_CHITCHAT,4,1,CHK_VM_VCPU,Compute Capacity (vCPUs),src.verifiers.independent_checker,"{""required_vcpus"": 4, ""allocated_vcpus"": 4}",DatabaseBackedCatalog,4 vCPUs,>= 4 vCPUs,>=,DatabaseBackedCatalog,sum(vcpus * count) = 4 >= 4,4,0 vCPUs,+0 vCPUs,PASS,Compute capacity satisfies requirement.
run_508247c257e3,Q22_UNSUPPORTED_HINGLISH_CHITCHAT,4,1,CHK_VM_RAM,Memory Capacity (RAM),src.verifiers.independent_checker,"{""required_ram_gb"": 16.0, ""allocated_ram_gb"": 16.0}",DatabaseBackedCatalog,16.0 GB,>= 16.0 GB,>=,DatabaseBackedCatalog,sum(ram_gb * count) = 16.0 >= 16.0,16,0.0 GB,+0.0 GB,PASS,Memory capacity satisfies requirement.
run_508247c257e3,Q22_UNSUPPORTED_HINGLISH_CHITCHAT,4,1,CHK_VM_BUDGET,Financial Monthly Budget,src.verifiers.independent_checker,"{""budget_max_usd"": 300.0, ""recomputed_cost_usd"": 121.47}",Financial Budget Invariant,$121.47 USD,<= $300.00 USD,<=,Financial Budget Invariant,$121.47 <= $300.00,121.47,$0.00,-$178.53 (Headroom),PASS,Monthly cost within budget with $178.53 headroom.
run_3d95a6e791bc,Q23_UNSUPPORTED_IMAGE_GEN,3,1,CHK_VM_CATALOG,SKU Catalog Existence,src.verifiers.independent_checker,"{""sku_details"": [""t3.medium (x1)""], ""catalog_consistent"": true}",DatabaseBackedCatalog,t3.medium (x1),Valid in DB,in,DatabaseBackedCatalog,all(sku in DB for sku in ['t3.medium (x1)']),True,0 unknown SKUs,Exact Match,PASS,All allocated SKUs verified against catalog ground truth.
run_3d95a6e791bc,Q23_UNSUPPORTED_IMAGE_GEN,3,1,CHK_VM_PRICING,SKU Pricing Integrity,src.verifiers.independent_checker,"{""reported_cost_usd"": 30.37, ""recomputed_cost_usd"": 30.37, ""cost_delta_usd"": 0.0}",DatabaseBackedCatalog,$30.37/mo (Reported),$30.37/mo (Catalog),==,DatabaseBackedCatalog,sum(hourly_price * 730 * count) = $30.37,30.37,$0.50,$0.00 (Exact),PASS,Reported cost matches catalog pricing within $0.50 tolerance.
run_3d95a6e791bc,Q23_UNSUPPORTED_IMAGE_GEN,3,1,CHK_VM_VCPU,Compute Capacity (vCPUs),src.verifiers.independent_checker,"{""required_vcpus"": 1, ""allocated_vcpus"": 2}",DatabaseBackedCatalog,2 vCPUs,>= 1 vCPUs,>=,DatabaseBackedCatalog,sum(vcpus * count) = 2 >= 1,2,0 vCPUs,+1 vCPUs,PASS,Compute capacity satisfies requirement.
run_3d95a6e791bc,Q23_UNSUPPORTED_IMAGE_GEN,3,1,CHK_VM_RAM,Memory Capacity (RAM),src.verifiers.independent_checker,"{""required_ram_gb"": 1.0, ""allocated_ram_gb"": 4.0}",DatabaseBackedCatalog,4.0 GB,>= 1.0 GB,>=,DatabaseBackedCatalog,sum(ram_gb * count) = 4.0 >= 1.0,4,0.0 GB,+3.0 GB,PASS,Memory capacity satisfies requirement.
run_3d95a6e791bc,Q23_UNSUPPORTED_IMAGE_GEN,3,1,CHK_VM_BUDGET,Financial Monthly Budget,src.verifiers.independent_checker,"{""budget_max_usd"": 500.0, ""recomputed_cost_usd"": 30.37}",Financial Budget Invariant,$30.37 USD,<= $500.00 USD,<=,Financial Budget Invariant,$30.37 <= $500.00,30.37,$0.00,-$469.63 (Headroom),PASS,Monthly cost within budget with $469.63 headroom.
run_4a2bcfab9068,Q23_UNSUPPORTED_IMAGE_GEN,4,1,CHK_VM_CATALOG,SKU Catalog Existence,src.verifiers.independent_checker,"{""sku_details"": [""t3.xlarge (x1)""], ""catalog_consistent"": true}",DatabaseBackedCatalog,t3.xlarge (x1),Valid in DB,in,DatabaseBackedCatalog,all(sku in DB for sku in ['t3.xlarge (x1)']),True,0 unknown SKUs,Exact Match,PASS,All allocated SKUs verified against catalog ground truth.
run_4a2bcfab9068,Q23_UNSUPPORTED_IMAGE_GEN,4,1,CHK_VM_PRICING,SKU Pricing Integrity,src.verifiers.independent_checker,"{""reported_cost_usd"": 121.47, ""recomputed_cost_usd"": 121.47, ""cost_delta_usd"": 0.0}",DatabaseBackedCatalog,$121.47/mo (Reported),$121.47/mo (Catalog),==,DatabaseBackedCatalog,sum(hourly_price * 730 * count) = $121.47,121.47,$0.50,$0.00 (Exact),PASS,Reported cost matches catalog pricing within $0.50 tolerance.
run_4a2bcfab9068,Q23_UNSUPPORTED_IMAGE_GEN,4,1,CHK_VM_VCPU,Compute Capacity (vCPUs),src.verifiers.independent_checker,"{""required_vcpus"": 4, ""allocated_vcpus"": 4}",DatabaseBackedCatalog,4 vCPUs,>= 4 vCPUs,>=,DatabaseBackedCatalog,sum(vcpus * count) = 4 >= 4,4,0 vCPUs,+0 vCPUs,PASS,Compute capacity satisfies requirement.
run_4a2bcfab9068,Q23_UNSUPPORTED_IMAGE_GEN,4,1,CHK_VM_RAM,Memory Capacity (RAM),src.verifiers.independent_checker,"{""required_ram_gb"": 16.0, ""allocated_ram_gb"": 16.0}",DatabaseBackedCatalog,16.0 GB,>= 16.0 GB,>=,DatabaseBackedCatalog,sum(ram_gb * count) = 16.0 >= 16.0,16,0.0 GB,+0.0 GB,PASS,Memory capacity satisfies requirement.
run_4a2bcfab9068,Q23_UNSUPPORTED_IMAGE_GEN,4,1,CHK_VM_BUDGET,Financial Monthly Budget,src.verifiers.independent_checker,"{""budget_max_usd"": 300.0, ""recomputed_cost_usd"": 121.47}",Financial Budget Invariant,$121.47 USD,<= $300.00 USD,<=,Financial Budget Invariant,$121.47 <= $300.00,121.47,$0.00,-$178.53 (Headroom),PASS,Monthly cost within budget with $178.53 headroom.
run_8133d9085652,Q24_UNSUPPORTED_CODE_TRANSLATION,3,1,CHK_DR_TOPOLOGY,Region Graph Topology,src.verifiers.independent_checker,"{""primary_region"": ""us-east-1"", ""secondary_region"": ""us-west-2""}",InfrastructureGraph,us-east-1 & us-west-2,Valid Nodes in Graph,in,InfrastructureGraph,'us-east-1' in graph and 'us-west-2' in graph,True,0 unknown regions,Known Nodes,PASS,Both regions exist in regional infrastructure graph.
run_8133d9085652,Q24_UNSUPPORTED_CODE_TRANSLATION,3,1,CHK_DR_DISJOINT,Failure Domain Disjointness,src.verifiers.independent_checker,"{""region_a"": ""us-east-1"", ""region_b"": ""us-west-2"", ""geo_a"": ""US_East"", ""geo_b"": ""US_West"", ""prov_a"": ""AWS"", ""prov_b"": ""AWS""}",Fault Domain Invariant,us-east-1 vs us-west-2,Primary != Secondary,!=,Fault Domain Invariant,'us-east-1' != 'us-west-2' and not (US_East==US_West and AWS==AWS),True,Distinct Region,Distinct Geographies,PASS,Regions reside in independent failure domains.
run_8133d9085652,Q24_UNSUPPORTED_CODE_TRANSLATION,3,1,CHK_DR_LATENCY,Inter-Region Network Latency,src.verifiers.independent_checker,"{""max_latency_ms"": 100.0, ""recomputed_latency_ms"": 65.0}",InfrastructureGraph Peer Latencies,65.0 ms,<= 100.0 ms,<=,Regional Latency Matrix,"latency(us-east-1, us-west-2) = 65.0ms <= 100.0ms",65,0.0ms,-35.0 ms (Margin),PASS,Inter-region sync latency within bound (65.0ms).
run_8133d9085652,Q24_UNSUPPORTED_CODE_TRANSLATION,3,1,CHK_DR_SLA,Composite Availability SLA,src.verifiers.independent_checker,"{""target_sla_pct"": 99.9, ""recomputed_sla_pct"": 99.99997, ""node_a_sla"": 99.95, ""node_b_sla"": 99.95}",Composite Availability Invariant (Independent Failures),99.99997%,>= 99.9000%,>=,Composite Availability Model,1 - ((1 - 0.9995) * (1 - 0.9995)) = 99.99997%,100,0.0001%,+0.09997%,PASS,Composite availability SLA satisfies requirement.
run_8133d9085652,Q24_UNSUPPORTED_CODE_TRANSLATION,3,1,CHK_DR_BUDGET,Disaster Recovery Monthly Cost,src.verifiers.independent_checker,"{""budget_max_usd"": 500.0, ""recomputed_cost_usd"": 266.25, ""base_a"": 120.0, ""base_b"": 130.0, ""latency_ms"": 65.0}",Financial Budget Invariant,$266.25 USD,<= $500.00 USD,<=,Financial Budget Invariant,$120.00 + $130.00 + (65.0ms * $0.25) = $266.25,266.25,$0.00,-$233.75 (Headroom),PASS,Monthly cost within budget with $233.75 headroom.
run_ebb724bfd74b,Q24_UNSUPPORTED_CODE_TRANSLATION,4,1,CHK_VM_CATALOG,SKU Catalog Existence,src.verifiers.independent_checker,"{""sku_details"": [""t3.xlarge (x1)""], ""catalog_consistent"": true}",DatabaseBackedCatalog,t3.xlarge (x1),Valid in DB,in,DatabaseBackedCatalog,all(sku in DB for sku in ['t3.xlarge (x1)']),True,0 unknown SKUs,Exact Match,PASS,All allocated SKUs verified against catalog ground truth.
run_ebb724bfd74b,Q24_UNSUPPORTED_CODE_TRANSLATION,4,1,CHK_VM_PRICING,SKU Pricing Integrity,src.verifiers.independent_checker,"{""reported_cost_usd"": 121.47, ""recomputed_cost_usd"": 121.47, ""cost_delta_usd"": 0.0}",DatabaseBackedCatalog,$121.47/mo (Reported),$121.47/mo (Catalog),==,DatabaseBackedCatalog,sum(hourly_price * 730 * count) = $121.47,121.47,$0.50,$0.00 (Exact),PASS,Reported cost matches catalog pricing within $0.50 tolerance.
run_ebb724bfd74b,Q24_UNSUPPORTED_CODE_TRANSLATION,4,1,CHK_VM_VCPU,Compute Capacity (vCPUs),src.verifiers.independent_checker,"{""required_vcpus"": 4, ""allocated_vcpus"": 4}",DatabaseBackedCatalog,4 vCPUs,>= 4 vCPUs,>=,DatabaseBackedCatalog,sum(vcpus * count) = 4 >= 4,4,0 vCPUs,+0 vCPUs,PASS,Compute capacity satisfies requirement.
run_ebb724bfd74b,Q24_UNSUPPORTED_CODE_TRANSLATION,4,1,CHK_VM_RAM,Memory Capacity (RAM),src.verifiers.independent_checker,"{""required_ram_gb"": 16.0, ""allocated_ram_gb"": 16.0}",DatabaseBackedCatalog,16.0 GB,>= 16.0 GB,>=,DatabaseBackedCatalog,sum(ram_gb * count) = 16.0 >= 16.0,16,0.0 GB,+0.0 GB,PASS,Memory capacity satisfies requirement.
run_ebb724bfd74b,Q24_UNSUPPORTED_CODE_TRANSLATION,4,1,CHK_VM_BUDGET,Financial Monthly Budget,src.verifiers.independent_checker,"{""budget_max_usd"": 300.0, ""recomputed_cost_usd"": 121.47}",Financial Budget Invariant,$121.47 USD,<= $300.00 USD,<=,Financial Budget Invariant,$121.47 <= $300.00,121.47,$0.00,-$178.53 (Headroom),PASS,Monthly cost within budget with $178.53 headroom.
run_dde7552b008b,Q25_VM_INR_CURRENCY,3,1,CHK_VM_CATALOG,SKU Catalog Existence,src.verifiers.independent_checker,"{""sku_details"": [""t3.medium (x2)""], ""catalog_consistent"": true}",DatabaseBackedCatalog,t3.medium (x2),Valid in DB,in,DatabaseBackedCatalog,all(sku in DB for sku in ['t3.medium (x2)']),True,0 unknown SKUs,Exact Match,PASS,All allocated SKUs verified against catalog ground truth.
run_dde7552b008b,Q25_VM_INR_CURRENCY,3,1,CHK_VM_PRICING,SKU Pricing Integrity,src.verifiers.independent_checker,"{""reported_cost_usd"": 60.74, ""recomputed_cost_usd"": 60.74, ""cost_delta_usd"": 0.0}",DatabaseBackedCatalog,$60.74/mo (Reported),$60.74/mo (Catalog),==,DatabaseBackedCatalog,sum(hourly_price * 730 * count) = $60.74,60.74,$0.50,$0.00 (Exact),PASS,Reported cost matches catalog pricing within $0.50 tolerance.
run_dde7552b008b,Q25_VM_INR_CURRENCY,3,1,CHK_VM_VCPU,Compute Capacity (vCPUs),src.verifiers.independent_checker,"{""required_vcpus"": 4, ""allocated_vcpus"": 4}",DatabaseBackedCatalog,4 vCPUs,>= 4 vCPUs,>=,DatabaseBackedCatalog,sum(vcpus * count) = 4 >= 4,4,0 vCPUs,+0 vCPUs,PASS,Compute capacity satisfies requirement.
run_dde7552b008b,Q25_VM_INR_CURRENCY,3,1,CHK_VM_RAM,Memory Capacity (RAM),src.verifiers.independent_checker,"{""required_ram_gb"": 8.0, ""allocated_ram_gb"": 8.0}",DatabaseBackedCatalog,8.0 GB,>= 8.0 GB,>=,DatabaseBackedCatalog,sum(ram_gb * count) = 8.0 >= 8.0,8,0.0 GB,+0.0 GB,PASS,Memory capacity satisfies requirement.
run_dde7552b008b,Q25_VM_INR_CURRENCY,3,1,CHK_VM_BUDGET,Financial Monthly Budget,src.verifiers.independent_checker,"{""budget_max_usd"": 117.65, ""recomputed_cost_usd"": 60.74}",Financial Budget Invariant,$60.74 USD,<= $117.65 USD,<=,Financial Budget Invariant,$60.74 <= $117.65,60.74,$0.00,-$56.91 (Headroom),PASS,Monthly cost within budget with $56.91 headroom.
run_89dcc527f033,Q25_VM_INR_CURRENCY,4,1,CHK_VM_CATALOG,SKU Catalog Existence,src.verifiers.independent_checker,"{""sku_details"": [""t3.medium (x2)""], ""catalog_consistent"": true}",DatabaseBackedCatalog,t3.medium (x2),Valid in DB,in,DatabaseBackedCatalog,all(sku in DB for sku in ['t3.medium (x2)']),True,0 unknown SKUs,Exact Match,PASS,All allocated SKUs verified against catalog ground truth.
run_89dcc527f033,Q25_VM_INR_CURRENCY,4,1,CHK_VM_PRICING,SKU Pricing Integrity,src.verifiers.independent_checker,"{""reported_cost_usd"": 60.74, ""recomputed_cost_usd"": 60.74, ""cost_delta_usd"": 0.0}",DatabaseBackedCatalog,$60.74/mo (Reported),$60.74/mo (Catalog),==,DatabaseBackedCatalog,sum(hourly_price * 730 * count) = $60.74,60.74,$0.50,$0.00 (Exact),PASS,Reported cost matches catalog pricing within $0.50 tolerance.
run_89dcc527f033,Q25_VM_INR_CURRENCY,4,1,CHK_VM_VCPU,Compute Capacity (vCPUs),src.verifiers.independent_checker,"{""required_vcpus"": 4, ""allocated_vcpus"": 4}",DatabaseBackedCatalog,4 vCPUs,>= 4 vCPUs,>=,DatabaseBackedCatalog,sum(vcpus * count) = 4 >= 4,4,0 vCPUs,+0 vCPUs,PASS,Compute capacity satisfies requirement.
run_89dcc527f033,Q25_VM_INR_CURRENCY,4,1,CHK_VM_RAM,Memory Capacity (RAM),src.verifiers.independent_checker,"{""required_ram_gb"": 8.0, ""allocated_ram_gb"": 8.0}",DatabaseBackedCatalog,8.0 GB,>= 8.0 GB,>=,DatabaseBackedCatalog,sum(ram_gb * count) = 8.0 >= 8.0,8,0.0 GB,+0.0 GB,PASS,Memory capacity satisfies requirement.
run_89dcc527f033,Q25_VM_INR_CURRENCY,4,1,CHK_VM_BUDGET,Financial Monthly Budget,src.verifiers.independent_checker,"{""budget_max_usd"": 300.0, ""recomputed_cost_usd"": 60.74}",Financial Budget Invariant,$60.74 USD,<= $300.00 USD,<=,Financial Budget Invariant,$60.74 <= $300.00,60.74,$0.00,-$239.26 (Headroom),PASS,Monthly cost within budget with $239.26 headroom.
run_a1c09add47f6,Q26_VM_STRICT_AWS_AZURE,3,1,CHK_VM_CATALOG,SKU Catalog Existence,src.verifiers.independent_checker,"{""sku_details"": [""t3.medium (x8)""], ""catalog_consistent"": true}",DatabaseBackedCatalog,t3.medium (x8),Valid in DB,in,DatabaseBackedCatalog,all(sku in DB for sku in ['t3.medium (x8)']),True,0 unknown SKUs,Exact Match,PASS,All allocated SKUs verified against catalog ground truth.
run_a1c09add47f6,Q26_VM_STRICT_AWS_AZURE,3,1,CHK_VM_PRICING,SKU Pricing Integrity,src.verifiers.independent_checker,"{""reported_cost_usd"": 242.96, ""recomputed_cost_usd"": 242.94, ""cost_delta_usd"": 0.02}",DatabaseBackedCatalog,$242.96/mo (Reported),$242.94/mo (Catalog),==,DatabaseBackedCatalog,sum(hourly_price * 730 * count) = $242.94,242.94,$0.50,$0.02 (0.0% err),PASS,Reported cost matches catalog pricing within $0.50 tolerance.
run_a1c09add47f6,Q26_VM_STRICT_AWS_AZURE,3,1,CHK_VM_VCPU,Compute Capacity (vCPUs),src.verifiers.independent_checker,"{""required_vcpus"": 16, ""allocated_vcpus"": 16}",DatabaseBackedCatalog,16 vCPUs,>= 16 vCPUs,>=,DatabaseBackedCatalog,sum(vcpus * count) = 16 >= 16,16,0 vCPUs,+0 vCPUs,PASS,Compute capacity satisfies requirement.
run_a1c09add47f6,Q26_VM_STRICT_AWS_AZURE,3,1,CHK_VM_RAM,Memory Capacity (RAM),src.verifiers.independent_checker,"{""required_ram_gb"": 32.0, ""allocated_ram_gb"": 32.0}",DatabaseBackedCatalog,32.0 GB,>= 32.0 GB,>=,DatabaseBackedCatalog,sum(ram_gb * count) = 32.0 >= 32.0,32,0.0 GB,+0.0 GB,PASS,Memory capacity satisfies requirement.
run_a1c09add47f6,Q26_VM_STRICT_AWS_AZURE,3,1,CHK_VM_BUDGET,Financial Monthly Budget,src.verifiers.independent_checker,"{""budget_max_usd"": 400.0, ""recomputed_cost_usd"": 242.94}",Financial Budget Invariant,$242.94 USD,<= $400.00 USD,<=,Financial Budget Invariant,$242.94 <= $400.00,242.94,$0.00,-$157.06 (Headroom),PASS,Monthly cost within budget with $157.06 headroom.
run_460b4fee2e33,Q26_VM_STRICT_AWS_AZURE,4,1,CHK_VM_CATALOG,SKU Catalog Existence,src.verifiers.independent_checker,"{""sku_details"": [""t3.medium (x8)""], ""catalog_consistent"": true}",DatabaseBackedCatalog,t3.medium (x8),Valid in DB,in,DatabaseBackedCatalog,all(sku in DB for sku in ['t3.medium (x8)']),True,0 unknown SKUs,Exact Match,PASS,All allocated SKUs verified against catalog ground truth.
run_460b4fee2e33,Q26_VM_STRICT_AWS_AZURE,4,1,CHK_VM_PRICING,SKU Pricing Integrity,src.verifiers.independent_checker,"{""reported_cost_usd"": 242.96, ""recomputed_cost_usd"": 242.94, ""cost_delta_usd"": 0.02}",DatabaseBackedCatalog,$242.96/mo (Reported),$242.94/mo (Catalog),==,DatabaseBackedCatalog,sum(hourly_price * 730 * count) = $242.94,242.94,$0.50,$0.02 (0.0% err),PASS,Reported cost matches catalog pricing within $0.50 tolerance.
run_460b4fee2e33,Q26_VM_STRICT_AWS_AZURE,4,1,CHK_VM_VCPU,Compute Capacity (vCPUs),src.verifiers.independent_checker,"{""required_vcpus"": 16, ""allocated_vcpus"": 16}",DatabaseBackedCatalog,16 vCPUs,>= 16 vCPUs,>=,DatabaseBackedCatalog,sum(vcpus * count) = 16 >= 16,16,0 vCPUs,+0 vCPUs,PASS,Compute capacity satisfies requirement.
run_460b4fee2e33,Q26_VM_STRICT_AWS_AZURE,4,1,CHK_VM_RAM,Memory Capacity (RAM),src.verifiers.independent_checker,"{""required_ram_gb"": 32.0, ""allocated_ram_gb"": 32.0}",DatabaseBackedCatalog,32.0 GB,>= 32.0 GB,>=,DatabaseBackedCatalog,sum(ram_gb * count) = 32.0 >= 32.0,32,0.0 GB,+0.0 GB,PASS,Memory capacity satisfies requirement.
run_460b4fee2e33,Q26_VM_STRICT_AWS_AZURE,4,1,CHK_VM_BUDGET,Financial Monthly Budget,src.verifiers.independent_checker,"{""budget_max_usd"": 400.0, ""recomputed_cost_usd"": 242.94}",Financial Budget Invariant,$242.94 USD,<= $400.00 USD,<=,Financial Budget Invariant,$242.94 <= $400.00,242.94,$0.00,-$157.06 (Headroom),PASS,Monthly cost within budget with $157.06 headroom.
run_673620e677cc,Q27_VM_COLLOQUIAL_CHEAP,3,1,CHK_VM_CATALOG,SKU Catalog Existence,src.verifiers.independent_checker,"{""sku_details"": [""t3.medium (x1)""], ""catalog_consistent"": true}",DatabaseBackedCatalog,t3.medium (x1),Valid in DB,in,DatabaseBackedCatalog,all(sku in DB for sku in ['t3.medium (x1)']),True,0 unknown SKUs,Exact Match,PASS,All allocated SKUs verified against catalog ground truth.
run_673620e677cc,Q27_VM_COLLOQUIAL_CHEAP,3,1,CHK_VM_PRICING,SKU Pricing Integrity,src.verifiers.independent_checker,"{""reported_cost_usd"": 30.37, ""recomputed_cost_usd"": 30.37, ""cost_delta_usd"": 0.0}",DatabaseBackedCatalog,$30.37/mo (Reported),$30.37/mo (Catalog),==,DatabaseBackedCatalog,sum(hourly_price * 730 * count) = $30.37,30.37,$0.50,$0.00 (Exact),PASS,Reported cost matches catalog pricing within $0.50 tolerance.
run_673620e677cc,Q27_VM_COLLOQUIAL_CHEAP,3,1,CHK_VM_VCPU,Compute Capacity (vCPUs),src.verifiers.independent_checker,"{""required_vcpus"": 2, ""allocated_vcpus"": 2}",DatabaseBackedCatalog,2 vCPUs,>= 2 vCPUs,>=,DatabaseBackedCatalog,sum(vcpus * count) = 2 >= 2,2,0 vCPUs,+0 vCPUs,PASS,Compute capacity satisfies requirement.
run_673620e677cc,Q27_VM_COLLOQUIAL_CHEAP,3,1,CHK_VM_RAM,Memory Capacity (RAM),src.verifiers.independent_checker,"{""required_ram_gb"": 4.0, ""allocated_ram_gb"": 4.0}",DatabaseBackedCatalog,4.0 GB,>= 4.0 GB,>=,DatabaseBackedCatalog,sum(ram_gb * count) = 4.0 >= 4.0,4,0.0 GB,+0.0 GB,PASS,Memory capacity satisfies requirement.
run_673620e677cc,Q27_VM_COLLOQUIAL_CHEAP,3,1,CHK_VM_BUDGET,Financial Monthly Budget,src.verifiers.independent_checker,"{""budget_max_usd"": 50.0, ""recomputed_cost_usd"": 30.37}",Financial Budget Invariant,$30.37 USD,<= $50.00 USD,<=,Financial Budget Invariant,$30.37 <= $50.00,30.37,$0.00,-$19.63 (Headroom),PASS,Monthly cost within budget with $19.63 headroom.
run_5a279b6f2d07,Q27_VM_COLLOQUIAL_CHEAP,4,1,CHK_VM_CATALOG,SKU Catalog Existence,src.verifiers.independent_checker,"{""sku_details"": [""t3.medium (x1)""], ""catalog_consistent"": true}",DatabaseBackedCatalog,t3.medium (x1),Valid in DB,in,DatabaseBackedCatalog,all(sku in DB for sku in ['t3.medium (x1)']),True,0 unknown SKUs,Exact Match,PASS,All allocated SKUs verified against catalog ground truth.
run_5a279b6f2d07,Q27_VM_COLLOQUIAL_CHEAP,4,1,CHK_VM_PRICING,SKU Pricing Integrity,src.verifiers.independent_checker,"{""reported_cost_usd"": 30.37, ""recomputed_cost_usd"": 30.37, ""cost_delta_usd"": 0.0}",DatabaseBackedCatalog,$30.37/mo (Reported),$30.37/mo (Catalog),==,DatabaseBackedCatalog,sum(hourly_price * 730 * count) = $30.37,30.37,$0.50,$0.00 (Exact),PASS,Reported cost matches catalog pricing within $0.50 tolerance.
run_5a279b6f2d07,Q27_VM_COLLOQUIAL_CHEAP,4,1,CHK_VM_VCPU,Compute Capacity (vCPUs),src.verifiers.independent_checker,"{""required_vcpus"": 2, ""allocated_vcpus"": 2}",DatabaseBackedCatalog,2 vCPUs,>= 2 vCPUs,>=,DatabaseBackedCatalog,sum(vcpus * count) = 2 >= 2,2,0 vCPUs,+0 vCPUs,PASS,Compute capacity satisfies requirement.
run_5a279b6f2d07,Q27_VM_COLLOQUIAL_CHEAP,4,1,CHK_VM_RAM,Memory Capacity (RAM),src.verifiers.independent_checker,"{""required_ram_gb"": 4.0, ""allocated_ram_gb"": 4.0}",DatabaseBackedCatalog,4.0 GB,>= 4.0 GB,>=,DatabaseBackedCatalog,sum(ram_gb * count) = 4.0 >= 4.0,4,0.0 GB,+0.0 GB,PASS,Memory capacity satisfies requirement.
run_5a279b6f2d07,Q27_VM_COLLOQUIAL_CHEAP,4,1,CHK_VM_BUDGET,Financial Monthly Budget,src.verifiers.independent_checker,"{""budget_max_usd"": 50.0, ""recomputed_cost_usd"": 30.37}",Financial Budget Invariant,$30.37 USD,<= $50.00 USD,<=,Financial Budget Invariant,$30.37 <= $50.00,30.37,$0.00,-$19.63 (Headroom),PASS,Monthly cost within budget with $19.63 headroom.
run_c2b7f796d894,Q28_SCALE_COLLOQUIAL_SPIKE,3,1,CHK_SCALING_BANDWIDTH,Continuous Bandwidth Range,src.verifiers.independent_checker,"{""observed_bandwidth_mbps"": 105.0, ""min_bw"": 100.0, ""max_bw"": 1000.0}",Continuous Scaling Domain Bounds,105.0 Mbps,"[100.0, 1000.0] Mbps",in,Traffic Domain Bounds,100.0 <= 105.0 <= 1000.0,105,0.0 Mbps,Within Domain,PASS,Bandwidth is within operational bounds.
run_c2b7f796d894,Q28_SCALE_COLLOQUIAL_SPIKE,3,1,CHK_SCALING_REPLICAS,Worker Replica Capacity,src.verifiers.independent_checker,"{""observed_replicas"": 2, ""min_reps"": 1, ""max_reps"": 16}",Replica Domain Bounds,2 replica(s),"[1, 16] Replicas",in,Replica Domain Bounds,1 <= 2 <= 16,2,0 Replicas,Within Domain,PASS,Replica count is within operational limits.
run_c2b7f796d894,Q28_SCALE_COLLOQUIAL_SPIKE,3,1,CHK_SCALING_CPU_UTILIZATION,Continuous CPU Utilization,src.verifiers.independent_checker,"{""observed_bandwidth_mbps"": 105.0, ""replicas"": 2, ""capacity_factor_mbps"": 75.0, ""target_cpu_pct"": 70.0, ""max_cpu_ceiling"": 100.0}",Replica Capacity Model (75 Mbps/replica),70.0%,<= 100.0% (Tgt: 70.0%),<=,Replica Capacity Model (75 Mbps/replica),(105.0 Mbps / (2 * 75.0 Mbps)) * 100% = 70.00%,70,0.0%,-30.0% (Headroom),PASS,Modeled CPU (70.0%) satisfies <= 100.0% constraint.
run_c2b7f796d894,Q28_SCALE_COLLOQUIAL_SPIKE,3,1,CHK_SCALING_PRICING,Scaling Dynamic Pricing,src.verifiers.independent_checker,"{""observed_cost_usd"": 98.4, ""recomputed_cost_usd"": 98.4, ""cost_per_mbps"": 0.08, ""cost_per_replica"": 45.0}",Pricing Model ($0.08/Mbps + $45/rep),$98.40/mo (Reported),$98.40/mo (Formula),==,Pricing Model ($0.08/Mbps + $45/rep),(105.0 * $0.08) + (2 * $45.00) = $98.40,98.4,$0.50,$0.00 (Exact),PASS,Pricing matches dynamic scaling formula.
run_c2b7f796d894,Q28_SCALE_COLLOQUIAL_SPIKE,3,1,CHK_SCALING_BUDGET,Financial Monthly Budget,src.verifiers.independent_checker,"{""budget_max_usd"": 1200.0, ""recomputed_cost_usd"": 98.4}",Financial Budget Invariant,$98.40 USD,<= $1200.00 USD,<=,Financial Budget Invariant,$98.40 <= $1200.00,98.4,$0.00,-$1101.60 (Headroom),PASS,Monthly cost within budget with $1101.60 headroom.
run_0cdf6cec007e,Q28_SCALE_COLLOQUIAL_SPIKE,4,1,CHK_SCALING_BANDWIDTH,Continuous Bandwidth Range,src.verifiers.independent_checker,"{""observed_bandwidth_mbps"": 250.0, ""min_bw"": 100.0, ""max_bw"": 1000.0}",Continuous Scaling Domain Bounds,250.0 Mbps,"[100.0, 1000.0] Mbps",in,Traffic Domain Bounds,100.0 <= 250.0 <= 1000.0,250,0.0 Mbps,Within Domain,PASS,Bandwidth is within operational bounds.
run_0cdf6cec007e,Q28_SCALE_COLLOQUIAL_SPIKE,4,1,CHK_SCALING_REPLICAS,Worker Replica Capacity,src.verifiers.independent_checker,"{""observed_replicas"": 4, ""min_reps"": 1, ""max_reps"": 16}",Replica Domain Bounds,4 replica(s),"[1, 16] Replicas",in,Replica Domain Bounds,1 <= 4 <= 16,4,0 Replicas,Within Domain,PASS,Replica count is within operational limits.
run_0cdf6cec007e,Q28_SCALE_COLLOQUIAL_SPIKE,4,1,CHK_SCALING_CPU_UTILIZATION,Continuous CPU Utilization,src.verifiers.independent_checker,"{""observed_bandwidth_mbps"": 250.0, ""replicas"": 4, ""capacity_factor_mbps"": 75.0, ""target_cpu_pct"": 70.0, ""max_cpu_ceiling"": 100.0}",Replica Capacity Model (75 Mbps/replica),83.3%,<= 100.0% (Tgt: 70.0%),<=,Replica Capacity Model (75 Mbps/replica),(250.0 Mbps / (4 * 75.0 Mbps)) * 100% = 83.33%,83.33,0.0%,-16.7% (Headroom),PASS,Modeled CPU (83.3%) satisfies <= 100.0% constraint.
run_0cdf6cec007e,Q28_SCALE_COLLOQUIAL_SPIKE,4,1,CHK_SCALING_PRICING,Scaling Dynamic Pricing,src.verifiers.independent_checker,"{""observed_cost_usd"": 200.0, ""recomputed_cost_usd"": 200.0, ""cost_per_mbps"": 0.08, ""cost_per_replica"": 45.0}",Pricing Model ($0.08/Mbps + $45/rep),$200.00/mo (Reported),$200.00/mo (Formula),==,Pricing Model ($0.08/Mbps + $45/rep),(250.0 * $0.08) + (4 * $45.00) = $200.00,200,$0.50,$0.00 (Exact),PASS,Pricing matches dynamic scaling formula.
run_0cdf6cec007e,Q28_SCALE_COLLOQUIAL_SPIKE,4,1,CHK_SCALING_BUDGET,Financial Monthly Budget,src.verifiers.independent_checker,"{""budget_max_usd"": 1200.0, ""recomputed_cost_usd"": 200.0}",Financial Budget Invariant,$200.00 USD,<= $1200.00 USD,<=,Financial Budget Invariant,$200.00 <= $1200.00,200,$0.00,-$1000.00 (Headroom),PASS,Monthly cost within budget with $1000.00 headroom.
run_6931e00cc291,Q29_SCALE_MAX_BANDWIDTH,3,1,CHK_SCALING_BANDWIDTH,Continuous Bandwidth Range,src.verifiers.independent_checker,"{""observed_bandwidth_mbps"": 105.0, ""min_bw"": 100.0, ""max_bw"": 1000.0}",Continuous Scaling Domain Bounds,105.0 Mbps,"[100.0, 1000.0] Mbps",in,Traffic Domain Bounds,100.0 <= 105.0 <= 1000.0,105,0.0 Mbps,Within Domain,PASS,Bandwidth is within operational bounds.
run_6931e00cc291,Q29_SCALE_MAX_BANDWIDTH,3,1,CHK_SCALING_REPLICAS,Worker Replica Capacity,src.verifiers.independent_checker,"{""observed_replicas"": 2, ""min_reps"": 1, ""max_reps"": 16}",Replica Domain Bounds,2 replica(s),"[1, 16] Replicas",in,Replica Domain Bounds,1 <= 2 <= 16,2,0 Replicas,Within Domain,PASS,Replica count is within operational limits.
run_6931e00cc291,Q29_SCALE_MAX_BANDWIDTH,3,1,CHK_SCALING_CPU_UTILIZATION,Continuous CPU Utilization,src.verifiers.independent_checker,"{""observed_bandwidth_mbps"": 105.0, ""replicas"": 2, ""capacity_factor_mbps"": 75.0, ""target_cpu_pct"": 70.0, ""max_cpu_ceiling"": 100.0}",Replica Capacity Model (75 Mbps/replica),70.0%,<= 100.0% (Tgt: 70.0%),<=,Replica Capacity Model (75 Mbps/replica),(105.0 Mbps / (2 * 75.0 Mbps)) * 100% = 70.00%,70,0.0%,-30.0% (Headroom),PASS,Modeled CPU (70.0%) satisfies <= 100.0% constraint.
run_6931e00cc291,Q29_SCALE_MAX_BANDWIDTH,3,1,CHK_SCALING_PRICING,Scaling Dynamic Pricing,src.verifiers.independent_checker,"{""observed_cost_usd"": 98.4, ""recomputed_cost_usd"": 98.4, ""cost_per_mbps"": 0.08, ""cost_per_replica"": 45.0}",Pricing Model ($0.08/Mbps + $45/rep),$98.40/mo (Reported),$98.40/mo (Formula),==,Pricing Model ($0.08/Mbps + $45/rep),(105.0 * $0.08) + (2 * $45.00) = $98.40,98.4,$0.50,$0.00 (Exact),PASS,Pricing matches dynamic scaling formula.
run_6931e00cc291,Q29_SCALE_MAX_BANDWIDTH,3,1,CHK_SCALING_BUDGET,Financial Monthly Budget,src.verifiers.independent_checker,"{""budget_max_usd"": 1800.0, ""recomputed_cost_usd"": 98.4}",Financial Budget Invariant,$98.40 USD,<= $1800.00 USD,<=,Financial Budget Invariant,$98.40 <= $1800.00,98.4,$0.00,-$1701.60 (Headroom),PASS,Monthly cost within budget with $1701.60 headroom.
run_b88f1356784b,Q29_SCALE_MAX_BANDWIDTH,4,1,CHK_SCALING_BANDWIDTH,Continuous Bandwidth Range,src.verifiers.independent_checker,"{""observed_bandwidth_mbps"": 1000.0, ""min_bw"": 100.0, ""max_bw"": 1000.0}",Continuous Scaling Domain Bounds,1000.0 Mbps,"[100.0, 1000.0] Mbps",in,Traffic Domain Bounds,100.0 <= 1000.0 <= 1000.0,1000,0.0 Mbps,Within Domain,PASS,Bandwidth is within operational bounds.
run_b88f1356784b,Q29_SCALE_MAX_BANDWIDTH,4,1,CHK_SCALING_REPLICAS,Worker Replica Capacity,src.verifiers.independent_checker,"{""observed_replicas"": 16, ""min_reps"": 1, ""max_reps"": 16}",Replica Domain Bounds,16 replica(s),"[1, 16] Replicas",in,Replica Domain Bounds,1 <= 16 <= 16,16,0 Replicas,Within Domain,PASS,Replica count is within operational limits.
run_b88f1356784b,Q29_SCALE_MAX_BANDWIDTH,4,1,CHK_SCALING_CPU_UTILIZATION,Continuous CPU Utilization,src.verifiers.independent_checker,"{""observed_bandwidth_mbps"": 1000.0, ""replicas"": 16, ""capacity_factor_mbps"": 75.0, ""target_cpu_pct"": 70.0, ""max_cpu_ceiling"": 70.0}",Replica Capacity Model (75 Mbps/replica),83.3%,<= 70.0% (Tgt: 70.0%),<=,Replica Capacity Model (75 Mbps/replica),(1000.0 Mbps / (16 * 75.0 Mbps)) * 100% = 83.33%,83.33,0.0%,+13.3% (Overloaded),FAIL,Modeled CPU (83.3%) exceeds ceiling of 70.0% by 13.3%.
run_b88f1356784b,Q29_SCALE_MAX_BANDWIDTH,4,1,CHK_SCALING_PRICING,Scaling Dynamic Pricing,src.verifiers.independent_checker,"{""observed_cost_usd"": 800.0, ""recomputed_cost_usd"": 800.0, ""cost_per_mbps"": 0.08, ""cost_per_replica"": 45.0}",Pricing Model ($0.08/Mbps + $45/rep),$800.00/mo (Reported),$800.00/mo (Formula),==,Pricing Model ($0.08/Mbps + $45/rep),(1000.0 * $0.08) + (16 * $45.00) = $800.00,800,$0.50,$0.00 (Exact),PASS,Pricing matches dynamic scaling formula.
run_b88f1356784b,Q29_SCALE_MAX_BANDWIDTH,4,1,CHK_SCALING_BUDGET,Financial Monthly Budget,src.verifiers.independent_checker,"{""budget_max_usd"": 1800.0, ""recomputed_cost_usd"": 800.0}",Financial Budget Invariant,$800.00 USD,<= $1800.00 USD,<=,Financial Budget Invariant,$800.00 <= $1800.00,800,$0.00,-$1000.00 (Headroom),PASS,Monthly cost within budget with $1000.00 headroom.
run_d7b096577f9b,Q30_DR_THREE_REGIONS_PROMPT,3,1,CHK_DR_TOPOLOGY,Region Graph Topology,src.verifiers.independent_checker,"{""primary_region"": ""us-east-1"", ""secondary_region"": ""us-central1""}",InfrastructureGraph,us-east-1 & us-central1,Valid Nodes in Graph,in,InfrastructureGraph,'us-east-1' in graph and 'us-central1' in graph,True,0 unknown regions,Known Nodes,PASS,Both regions exist in regional infrastructure graph.
run_d7b096577f9b,Q30_DR_THREE_REGIONS_PROMPT,3,1,CHK_DR_DISJOINT,Failure Domain Disjointness,src.verifiers.independent_checker,"{""region_a"": ""us-east-1"", ""region_b"": ""us-central1"", ""geo_a"": ""US_East"", ""geo_b"": ""US_Central"", ""prov_a"": ""AWS"", ""prov_b"": ""GCP""}",Fault Domain Invariant,us-east-1 vs us-central1,Primary != Secondary,!=,Fault Domain Invariant,'us-east-1' != 'us-central1' and not (US_East==US_Central and AWS==GCP),True,Distinct Region,Distinct Geographies,PASS,Regions reside in independent failure domains.
run_d7b096577f9b,Q30_DR_THREE_REGIONS_PROMPT,3,1,CHK_DR_LATENCY,Inter-Region Network Latency,src.verifiers.independent_checker,"{""max_latency_ms"": 100.0, ""recomputed_latency_ms"": 32.0}",InfrastructureGraph Peer Latencies,32.0 ms,<= 100.0 ms,<=,Regional Latency Matrix,"latency(us-east-1, us-central1) = 32.0ms <= 100.0ms",32,0.0ms,-68.0 ms (Margin),PASS,Inter-region sync latency within bound (32.0ms).
run_d7b096577f9b,Q30_DR_THREE_REGIONS_PROMPT,3,1,CHK_DR_SLA,Composite Availability SLA,src.verifiers.independent_checker,"{""target_sla_pct"": 99.95, ""recomputed_sla_pct"": 99.99997, ""node_a_sla"": 99.95, ""node_b_sla"": 99.95}",Composite Availability Invariant (Independent Failures),99.99997%,>= 99.9500%,>=,Composite Availability Model,1 - ((1 - 0.9995) * (1 - 0.9995)) = 99.99997%,100,0.0001%,+0.04997%,PASS,Composite availability SLA satisfies requirement.
run_d7b096577f9b,Q30_DR_THREE_REGIONS_PROMPT,3,1,CHK_DR_BUDGET,Disaster Recovery Monthly Cost,src.verifiers.independent_checker,"{""budget_max_usd"": 400.0, ""recomputed_cost_usd"": 243.0, ""base_a"": 120.0, ""base_b"": 115.0, ""latency_ms"": 32.0}",Financial Budget Invariant,$243.00 USD,<= $400.00 USD,<=,Financial Budget Invariant,$120.00 + $115.00 + (32.0ms * $0.25) = $243.00,243,$0.00,-$157.00 (Headroom),PASS,Monthly cost within budget with $157.00 headroom.
run_d6828aac2896,Q30_DR_THREE_REGIONS_PROMPT,4,1,CHK_DR_TOPOLOGY,Region Graph Topology,src.verifiers.independent_checker,"{""primary_region"": ""us-east-1"", ""secondary_region"": ""us-central1""}",InfrastructureGraph,us-east-1 & us-central1,Valid Nodes in Graph,in,InfrastructureGraph,'us-east-1' in graph and 'us-central1' in graph,True,0 unknown regions,Known Nodes,PASS,Both regions exist in regional infrastructure graph.
run_d6828aac2896,Q30_DR_THREE_REGIONS_PROMPT,4,1,CHK_DR_DISJOINT,Failure Domain Disjointness,src.verifiers.independent_checker,"{""region_a"": ""us-east-1"", ""region_b"": ""us-central1"", ""geo_a"": ""US_East"", ""geo_b"": ""US_Central"", ""prov_a"": ""AWS"", ""prov_b"": ""GCP""}",Fault Domain Invariant,us-east-1 vs us-central1,Primary != Secondary,!=,Fault Domain Invariant,'us-east-1' != 'us-central1' and not (US_East==US_Central and AWS==GCP),True,Distinct Region,Distinct Geographies,PASS,Regions reside in independent failure domains.
run_d6828aac2896,Q30_DR_THREE_REGIONS_PROMPT,4,1,CHK_DR_LATENCY,Inter-Region Network Latency,src.verifiers.independent_checker,"{""max_latency_ms"": 100.0, ""recomputed_latency_ms"": 32.0}",InfrastructureGraph Peer Latencies,32.0 ms,<= 100.0 ms,<=,Regional Latency Matrix,"latency(us-east-1, us-central1) = 32.0ms <= 100.0ms",32,0.0ms,-68.0 ms (Margin),PASS,Inter-region sync latency within bound (32.0ms).
run_d6828aac2896,Q30_DR_THREE_REGIONS_PROMPT,4,1,CHK_DR_SLA,Composite Availability SLA,src.verifiers.independent_checker,"{""target_sla_pct"": 99.95, ""recomputed_sla_pct"": 99.99997, ""node_a_sla"": 99.95, ""node_b_sla"": 99.95}",Composite Availability Invariant (Independent Failures),99.99997%,>= 99.9500%,>=,Composite Availability Model,1 - ((1 - 0.9995) * (1 - 0.9995)) = 99.99997%,100,0.0001%,+0.04997%,PASS,Composite availability SLA satisfies requirement.
run_d6828aac2896,Q30_DR_THREE_REGIONS_PROMPT,4,1,CHK_DR_BUDGET,Disaster Recovery Monthly Cost,src.verifiers.independent_checker,"{""budget_max_usd"": 400.0, ""recomputed_cost_usd"": 243.0, ""base_a"": 120.0, ""base_b"": 115.0, ""latency_ms"": 32.0}",Financial Budget Invariant,$243.00 USD,<= $400.00 USD,<=,Financial Budget Invariant,$120.00 + $115.00 + (32.0ms * $0.25) = $243.00,243,$0.00,-$157.00 (Headroom),PASS,Monthly cost within budget with $157.00 headroom.
run_58ef7edd2bd7,Q31_DR_ZERO_LATENCY_IMPOSSIBLE,3,1,CHK_VM_CATALOG,SKU Catalog Existence,src.verifiers.independent_checker,"{""sku_details"": [""t3.medium (x1)""], ""catalog_consistent"": true}",DatabaseBackedCatalog,t3.medium (x1),Valid in DB,in,DatabaseBackedCatalog,all(sku in DB for sku in ['t3.medium (x1)']),True,0 unknown SKUs,Exact Match,PASS,All allocated SKUs verified against catalog ground truth.
run_58ef7edd2bd7,Q31_DR_ZERO_LATENCY_IMPOSSIBLE,3,1,CHK_VM_PRICING,SKU Pricing Integrity,src.verifiers.independent_checker,"{""reported_cost_usd"": 30.37, ""recomputed_cost_usd"": 30.37, ""cost_delta_usd"": 0.0}",DatabaseBackedCatalog,$30.37/mo (Reported),$30.37/mo (Catalog),==,DatabaseBackedCatalog,sum(hourly_price * 730 * count) = $30.37,30.37,$0.50,$0.00 (Exact),PASS,Reported cost matches catalog pricing within $0.50 tolerance.
run_58ef7edd2bd7,Q31_DR_ZERO_LATENCY_IMPOSSIBLE,3,1,CHK_VM_VCPU,Compute Capacity (vCPUs),src.verifiers.independent_checker,"{""required_vcpus"": 1, ""allocated_vcpus"": 2}",DatabaseBackedCatalog,2 vCPUs,>= 1 vCPUs,>=,DatabaseBackedCatalog,sum(vcpus * count) = 2 >= 1,2,0 vCPUs,+1 vCPUs,PASS,Compute capacity satisfies requirement.
run_58ef7edd2bd7,Q31_DR_ZERO_LATENCY_IMPOSSIBLE,3,1,CHK_VM_RAM,Memory Capacity (RAM),src.verifiers.independent_checker,"{""required_ram_gb"": 1.0, ""allocated_ram_gb"": 4.0}",DatabaseBackedCatalog,4.0 GB,>= 1.0 GB,>=,DatabaseBackedCatalog,sum(ram_gb * count) = 4.0 >= 1.0,4,0.0 GB,+3.0 GB,PASS,Memory capacity satisfies requirement.
run_58ef7edd2bd7,Q31_DR_ZERO_LATENCY_IMPOSSIBLE,3,1,CHK_VM_BUDGET,Financial Monthly Budget,src.verifiers.independent_checker,"{""budget_max_usd"": 500.0, ""recomputed_cost_usd"": 30.37}",Financial Budget Invariant,$30.37 USD,<= $500.00 USD,<=,Financial Budget Invariant,$30.37 <= $500.00,30.37,$0.00,-$469.63 (Headroom),PASS,Monthly cost within budget with $469.63 headroom.
run_dfd27e2aa030,Q32_VM_CONFLICTING_VCPU_RAM,3,1,CHK_VM_CATALOG,SKU Catalog Existence,src.verifiers.independent_checker,"{""sku_details"": [""t3.xlarge (x32)""], ""catalog_consistent"": true}",DatabaseBackedCatalog,t3.xlarge (x32),Valid in DB,in,DatabaseBackedCatalog,all(sku in DB for sku in ['t3.xlarge (x32)']),True,0 unknown SKUs,Exact Match,PASS,All allocated SKUs verified against catalog ground truth.
run_dfd27e2aa030,Q32_VM_CONFLICTING_VCPU_RAM,3,1,CHK_VM_PRICING,SKU Pricing Integrity,src.verifiers.independent_checker,"{""reported_cost_usd"": 3887.04, ""recomputed_cost_usd"": 3887.1, ""cost_delta_usd"": 0.06}",DatabaseBackedCatalog,$3887.04/mo (Reported),$3887.10/mo (Catalog),==,DatabaseBackedCatalog,sum(hourly_price * 730 * count) = $3887.10,3887.1,$0.50,$0.06 (0.0% err),PASS,Reported cost matches catalog pricing within $0.50 tolerance.
run_dfd27e2aa030,Q32_VM_CONFLICTING_VCPU_RAM,3,1,CHK_VM_VCPU,Compute Capacity (vCPUs),src.verifiers.independent_checker,"{""required_vcpus"": 128, ""allocated_vcpus"": 128}",DatabaseBackedCatalog,128 vCPUs,>= 128 vCPUs,>=,DatabaseBackedCatalog,sum(vcpus * count) = 128 >= 128,128,0 vCPUs,+0 vCPUs,PASS,Compute capacity satisfies requirement.
run_dfd27e2aa030,Q32_VM_CONFLICTING_VCPU_RAM,3,1,CHK_VM_RAM,Memory Capacity (RAM),src.verifiers.independent_checker,"{""required_ram_gb"": 512.0, ""allocated_ram_gb"": 512.0}",DatabaseBackedCatalog,512.0 GB,>= 512.0 GB,>=,DatabaseBackedCatalog,sum(ram_gb * count) = 512.0 >= 512.0,512,0.0 GB,+0.0 GB,PASS,Memory capacity satisfies requirement.
run_dfd27e2aa030,Q32_VM_CONFLICTING_VCPU_RAM,3,1,CHK_VM_BUDGET,Financial Monthly Budget,src.verifiers.independent_checker,"{""budget_max_usd"": 20.0, ""recomputed_cost_usd"": 3887.1}",Financial Budget Invariant,$3887.10 USD,<= $20.00 USD,<=,Financial Budget Invariant,$3887.10 <= $20.00,3887.1,$0.00,+$3867.10 (Overflow),FAIL,Budget overflow of $3867.10.
run_32544b370e6d,Q32_VM_CONFLICTING_VCPU_RAM,4,1,CHK_VM_CATALOG,SKU Catalog Existence,src.verifiers.independent_checker,"{""sku_details"": [""t3.xlarge (x32)""], ""catalog_consistent"": true}",DatabaseBackedCatalog,t3.xlarge (x32),Valid in DB,in,DatabaseBackedCatalog,all(sku in DB for sku in ['t3.xlarge (x32)']),True,0 unknown SKUs,Exact Match,PASS,All allocated SKUs verified against catalog ground truth.
run_32544b370e6d,Q32_VM_CONFLICTING_VCPU_RAM,4,1,CHK_VM_PRICING,SKU Pricing Integrity,src.verifiers.independent_checker,"{""reported_cost_usd"": 3887.04, ""recomputed_cost_usd"": 3887.1, ""cost_delta_usd"": 0.06}",DatabaseBackedCatalog,$3887.04/mo (Reported),$3887.10/mo (Catalog),==,DatabaseBackedCatalog,sum(hourly_price * 730 * count) = $3887.10,3887.1,$0.50,$0.06 (0.0% err),PASS,Reported cost matches catalog pricing within $0.50 tolerance.
run_32544b370e6d,Q32_VM_CONFLICTING_VCPU_RAM,4,1,CHK_VM_VCPU,Compute Capacity (vCPUs),src.verifiers.independent_checker,"{""required_vcpus"": 128, ""allocated_vcpus"": 128}",DatabaseBackedCatalog,128 vCPUs,>= 128 vCPUs,>=,DatabaseBackedCatalog,sum(vcpus * count) = 128 >= 128,128,0 vCPUs,+0 vCPUs,PASS,Compute capacity satisfies requirement.
run_32544b370e6d,Q32_VM_CONFLICTING_VCPU_RAM,4,1,CHK_VM_RAM,Memory Capacity (RAM),src.verifiers.independent_checker,"{""required_ram_gb"": 512.0, ""allocated_ram_gb"": 512.0}",DatabaseBackedCatalog,512.0 GB,>= 512.0 GB,>=,DatabaseBackedCatalog,sum(ram_gb * count) = 512.0 >= 512.0,512,0.0 GB,+0.0 GB,PASS,Memory capacity satisfies requirement.
run_32544b370e6d,Q32_VM_CONFLICTING_VCPU_RAM,4,1,CHK_VM_BUDGET,Financial Monthly Budget,src.verifiers.independent_checker,"{""budget_max_usd"": 20.0, ""recomputed_cost_usd"": 3887.1}",Financial Budget Invariant,$3887.10 USD,<= $20.00 USD,<=,Financial Budget Invariant,$3887.10 <= $20.00,3887.1,$0.00,+$3867.10 (Overflow),FAIL,Budget overflow of $3867.10.
run_46ce49e36a38,Q33_AMBIGUOUS_CLOUD_SETUP,3,1,CHK_VM_CATALOG,SKU Catalog Existence,src.verifiers.independent_checker,"{""sku_details"": [""t3.medium (x1)""], ""catalog_consistent"": true}",DatabaseBackedCatalog,t3.medium (x1),Valid in DB,in,DatabaseBackedCatalog,all(sku in DB for sku in ['t3.medium (x1)']),True,0 unknown SKUs,Exact Match,PASS,All allocated SKUs verified against catalog ground truth.
run_46ce49e36a38,Q33_AMBIGUOUS_CLOUD_SETUP,3,1,CHK_VM_PRICING,SKU Pricing Integrity,src.verifiers.independent_checker,"{""reported_cost_usd"": 30.37, ""recomputed_cost_usd"": 30.37, ""cost_delta_usd"": 0.0}",DatabaseBackedCatalog,$30.37/mo (Reported),$30.37/mo (Catalog),==,DatabaseBackedCatalog,sum(hourly_price * 730 * count) = $30.37,30.37,$0.50,$0.00 (Exact),PASS,Reported cost matches catalog pricing within $0.50 tolerance.
run_46ce49e36a38,Q33_AMBIGUOUS_CLOUD_SETUP,3,1,CHK_VM_VCPU,Compute Capacity (vCPUs),src.verifiers.independent_checker,"{""required_vcpus"": 1, ""allocated_vcpus"": 2}",DatabaseBackedCatalog,2 vCPUs,>= 1 vCPUs,>=,DatabaseBackedCatalog,sum(vcpus * count) = 2 >= 1,2,0 vCPUs,+1 vCPUs,PASS,Compute capacity satisfies requirement.
run_46ce49e36a38,Q33_AMBIGUOUS_CLOUD_SETUP,3,1,CHK_VM_RAM,Memory Capacity (RAM),src.verifiers.independent_checker,"{""required_ram_gb"": 1.0, ""allocated_ram_gb"": 4.0}",DatabaseBackedCatalog,4.0 GB,>= 1.0 GB,>=,DatabaseBackedCatalog,sum(ram_gb * count) = 4.0 >= 1.0,4,0.0 GB,+3.0 GB,PASS,Memory capacity satisfies requirement.
run_46ce49e36a38,Q33_AMBIGUOUS_CLOUD_SETUP,3,1,CHK_VM_BUDGET,Financial Monthly Budget,src.verifiers.independent_checker,"{""budget_max_usd"": 500.0, ""recomputed_cost_usd"": 30.37}",Financial Budget Invariant,$30.37 USD,<= $500.00 USD,<=,Financial Budget Invariant,$30.37 <= $500.00,30.37,$0.00,-$469.63 (Headroom),PASS,Monthly cost within budget with $469.63 headroom.
run_ff8b4dd36a32,Q33_AMBIGUOUS_CLOUD_SETUP,4,1,CHK_VM_CATALOG,SKU Catalog Existence,src.verifiers.independent_checker,"{""sku_details"": [""t3.xlarge (x1)""], ""catalog_consistent"": true}",DatabaseBackedCatalog,t3.xlarge (x1),Valid in DB,in,DatabaseBackedCatalog,all(sku in DB for sku in ['t3.xlarge (x1)']),True,0 unknown SKUs,Exact Match,PASS,All allocated SKUs verified against catalog ground truth.
run_ff8b4dd36a32,Q33_AMBIGUOUS_CLOUD_SETUP,4,1,CHK_VM_PRICING,SKU Pricing Integrity,src.verifiers.independent_checker,"{""reported_cost_usd"": 121.47, ""recomputed_cost_usd"": 121.47, ""cost_delta_usd"": 0.0}",DatabaseBackedCatalog,$121.47/mo (Reported),$121.47/mo (Catalog),==,DatabaseBackedCatalog,sum(hourly_price * 730 * count) = $121.47,121.47,$0.50,$0.00 (Exact),PASS,Reported cost matches catalog pricing within $0.50 tolerance.
run_ff8b4dd36a32,Q33_AMBIGUOUS_CLOUD_SETUP,4,1,CHK_VM_VCPU,Compute Capacity (vCPUs),src.verifiers.independent_checker,"{""required_vcpus"": 4, ""allocated_vcpus"": 4}",DatabaseBackedCatalog,4 vCPUs,>= 4 vCPUs,>=,DatabaseBackedCatalog,sum(vcpus * count) = 4 >= 4,4,0 vCPUs,+0 vCPUs,PASS,Compute capacity satisfies requirement.
run_ff8b4dd36a32,Q33_AMBIGUOUS_CLOUD_SETUP,4,1,CHK_VM_RAM,Memory Capacity (RAM),src.verifiers.independent_checker,"{""required_ram_gb"": 16.0, ""allocated_ram_gb"": 16.0}",DatabaseBackedCatalog,16.0 GB,>= 16.0 GB,>=,DatabaseBackedCatalog,sum(ram_gb * count) = 16.0 >= 16.0,16,0.0 GB,+0.0 GB,PASS,Memory capacity satisfies requirement.
run_ff8b4dd36a32,Q33_AMBIGUOUS_CLOUD_SETUP,4,1,CHK_VM_BUDGET,Financial Monthly Budget,src.verifiers.independent_checker,"{""budget_max_usd"": 300.0, ""recomputed_cost_usd"": 121.47}",Financial Budget Invariant,$121.47 USD,<= $300.00 USD,<=,Financial Budget Invariant,$121.47 <= $300.00,121.47,$0.00,-$178.53 (Headroom),PASS,Monthly cost within budget with $178.53 headroom.
run_a0b158950798,Q34_AMBIGUOUS_SCALE_REPLICAS,3,1,CHK_SCALING_BANDWIDTH,Continuous Bandwidth Range,src.verifiers.independent_checker,"{""observed_bandwidth_mbps"": 105.0, ""min_bw"": 100.0, ""max_bw"": 1000.0}",Continuous Scaling Domain Bounds,105.0 Mbps,"[100.0, 1000.0] Mbps",in,Traffic Domain Bounds,100.0 <= 105.0 <= 1000.0,105,0.0 Mbps,Within Domain,PASS,Bandwidth is within operational bounds.
run_a0b158950798,Q34_AMBIGUOUS_SCALE_REPLICAS,3,1,CHK_SCALING_REPLICAS,Worker Replica Capacity,src.verifiers.independent_checker,"{""observed_replicas"": 2, ""min_reps"": 1, ""max_reps"": 16}",Replica Domain Bounds,2 replica(s),"[1, 16] Replicas",in,Replica Domain Bounds,1 <= 2 <= 16,2,0 Replicas,Within Domain,PASS,Replica count is within operational limits.
run_a0b158950798,Q34_AMBIGUOUS_SCALE_REPLICAS,3,1,CHK_SCALING_CPU_UTILIZATION,Continuous CPU Utilization,src.verifiers.independent_checker,"{""observed_bandwidth_mbps"": 105.0, ""replicas"": 2, ""capacity_factor_mbps"": 75.0, ""target_cpu_pct"": 70.0, ""max_cpu_ceiling"": 100.0}",Replica Capacity Model (75 Mbps/replica),70.0%,<= 100.0% (Tgt: 70.0%),<=,Replica Capacity Model (75 Mbps/replica),(105.0 Mbps / (2 * 75.0 Mbps)) * 100% = 70.00%,70,0.0%,-30.0% (Headroom),PASS,Modeled CPU (70.0%) satisfies <= 100.0% constraint.
run_a0b158950798,Q34_AMBIGUOUS_SCALE_REPLICAS,3,1,CHK_SCALING_PRICING,Scaling Dynamic Pricing,src.verifiers.independent_checker,"{""observed_cost_usd"": 98.4, ""recomputed_cost_usd"": 98.4, ""cost_per_mbps"": 0.08, ""cost_per_replica"": 45.0}",Pricing Model ($0.08/Mbps + $45/rep),$98.40/mo (Reported),$98.40/mo (Formula),==,Pricing Model ($0.08/Mbps + $45/rep),(105.0 * $0.08) + (2 * $45.00) = $98.40,98.4,$0.50,$0.00 (Exact),PASS,Pricing matches dynamic scaling formula.
run_a0b158950798,Q34_AMBIGUOUS_SCALE_REPLICAS,3,1,CHK_SCALING_BUDGET,Financial Monthly Budget,src.verifiers.independent_checker,"{""budget_max_usd"": 500.0, ""recomputed_cost_usd"": 98.4}",Financial Budget Invariant,$98.40 USD,<= $500.00 USD,<=,Financial Budget Invariant,$98.40 <= $500.00,98.4,$0.00,-$401.60 (Headroom),PASS,Monthly cost within budget with $401.60 headroom.
run_0076f096bff7,Q34_AMBIGUOUS_SCALE_REPLICAS,4,1,CHK_SCALING_BANDWIDTH,Continuous Bandwidth Range,src.verifiers.independent_checker,"{""observed_bandwidth_mbps"": 105.0, ""min_bw"": 100.0, ""max_bw"": 1000.0}",Continuous Scaling Domain Bounds,105.0 Mbps,"[100.0, 1000.0] Mbps",in,Traffic Domain Bounds,100.0 <= 105.0 <= 1000.0,105,0.0 Mbps,Within Domain,PASS,Bandwidth is within operational bounds.
run_0076f096bff7,Q34_AMBIGUOUS_SCALE_REPLICAS,4,1,CHK_SCALING_REPLICAS,Worker Replica Capacity,src.verifiers.independent_checker,"{""observed_replicas"": 2, ""min_reps"": 1, ""max_reps"": 16}",Replica Domain Bounds,2 replica(s),"[1, 16] Replicas",in,Replica Domain Bounds,1 <= 2 <= 16,2,0 Replicas,Within Domain,PASS,Replica count is within operational limits.
run_0076f096bff7,Q34_AMBIGUOUS_SCALE_REPLICAS,4,1,CHK_SCALING_CPU_UTILIZATION,Continuous CPU Utilization,src.verifiers.independent_checker,"{""observed_bandwidth_mbps"": 105.0, ""replicas"": 2, ""capacity_factor_mbps"": 75.0, ""target_cpu_pct"": 70.0, ""max_cpu_ceiling"": 100.0}",Replica Capacity Model (75 Mbps/replica),70.0%,<= 100.0% (Tgt: 70.0%),<=,Replica Capacity Model (75 Mbps/replica),(105.0 Mbps / (2 * 75.0 Mbps)) * 100% = 70.00%,70,0.0%,-30.0% (Headroom),PASS,Modeled CPU (70.0%) satisfies <= 100.0% constraint.
run_0076f096bff7,Q34_AMBIGUOUS_SCALE_REPLICAS,4,1,CHK_SCALING_PRICING,Scaling Dynamic Pricing,src.verifiers.independent_checker,"{""observed_cost_usd"": 98.4, ""recomputed_cost_usd"": 98.4, ""cost_per_mbps"": 0.08, ""cost_per_replica"": 45.0}",Pricing Model ($0.08/Mbps + $45/rep),$98.40/mo (Reported),$98.40/mo (Formula),==,Pricing Model ($0.08/Mbps + $45/rep),(105.0 * $0.08) + (2 * $45.00) = $98.40,98.4,$0.50,$0.00 (Exact),PASS,Pricing matches dynamic scaling formula.
run_0076f096bff7,Q34_AMBIGUOUS_SCALE_REPLICAS,4,1,CHK_SCALING_BUDGET,Financial Monthly Budget,src.verifiers.independent_checker,"{""budget_max_usd"": 1500.0, ""recomputed_cost_usd"": 98.4}",Financial Budget Invariant,$98.40 USD,<= $1500.00 USD,<=,Financial Budget Invariant,$98.40 <= $1500.00,98.4,$0.00,-$1401.60 (Headroom),PASS,Monthly cost within budget with $1401.60 headroom.
run_19529acca0d1,Q35_UNSUPPORTED_DNS_SETUP,3,1,CHK_VM_CATALOG,SKU Catalog Existence,src.verifiers.independent_checker,"{""sku_details"": [""t3.medium (x1)""], ""catalog_consistent"": true}",DatabaseBackedCatalog,t3.medium (x1),Valid in DB,in,DatabaseBackedCatalog,all(sku in DB for sku in ['t3.medium (x1)']),True,0 unknown SKUs,Exact Match,PASS,All allocated SKUs verified against catalog ground truth.
run_19529acca0d1,Q35_UNSUPPORTED_DNS_SETUP,3,1,CHK_VM_PRICING,SKU Pricing Integrity,src.verifiers.independent_checker,"{""reported_cost_usd"": 30.37, ""recomputed_cost_usd"": 30.37, ""cost_delta_usd"": 0.0}",DatabaseBackedCatalog,$30.37/mo (Reported),$30.37/mo (Catalog),==,DatabaseBackedCatalog,sum(hourly_price * 730 * count) = $30.37,30.37,$0.50,$0.00 (Exact),PASS,Reported cost matches catalog pricing within $0.50 tolerance.
run_19529acca0d1,Q35_UNSUPPORTED_DNS_SETUP,3,1,CHK_VM_VCPU,Compute Capacity (vCPUs),src.verifiers.independent_checker,"{""required_vcpus"": 1, ""allocated_vcpus"": 2}",DatabaseBackedCatalog,2 vCPUs,>= 1 vCPUs,>=,DatabaseBackedCatalog,sum(vcpus * count) = 2 >= 1,2,0 vCPUs,+1 vCPUs,PASS,Compute capacity satisfies requirement.
run_19529acca0d1,Q35_UNSUPPORTED_DNS_SETUP,3,1,CHK_VM_RAM,Memory Capacity (RAM),src.verifiers.independent_checker,"{""required_ram_gb"": 1.0, ""allocated_ram_gb"": 4.0}",DatabaseBackedCatalog,4.0 GB,>= 1.0 GB,>=,DatabaseBackedCatalog,sum(ram_gb * count) = 4.0 >= 1.0,4,0.0 GB,+3.0 GB,PASS,Memory capacity satisfies requirement.
run_19529acca0d1,Q35_UNSUPPORTED_DNS_SETUP,3,1,CHK_VM_BUDGET,Financial Monthly Budget,src.verifiers.independent_checker,"{""budget_max_usd"": 500.0, ""recomputed_cost_usd"": 30.37}",Financial Budget Invariant,$30.37 USD,<= $500.00 USD,<=,Financial Budget Invariant,$30.37 <= $500.00,30.37,$0.00,-$469.63 (Headroom),PASS,Monthly cost within budget with $469.63 headroom.
run_a5fbc91e24cb,Q35_UNSUPPORTED_DNS_SETUP,4,1,CHK_VM_CATALOG,SKU Catalog Existence,src.verifiers.independent_checker,"{""sku_details"": [""t3.xlarge (x1)""], ""catalog_consistent"": true}",DatabaseBackedCatalog,t3.xlarge (x1),Valid in DB,in,DatabaseBackedCatalog,all(sku in DB for sku in ['t3.xlarge (x1)']),True,0 unknown SKUs,Exact Match,PASS,All allocated SKUs verified against catalog ground truth.
run_a5fbc91e24cb,Q35_UNSUPPORTED_DNS_SETUP,4,1,CHK_VM_PRICING,SKU Pricing Integrity,src.verifiers.independent_checker,"{""reported_cost_usd"": 121.47, ""recomputed_cost_usd"": 121.47, ""cost_delta_usd"": 0.0}",DatabaseBackedCatalog,$121.47/mo (Reported),$121.47/mo (Catalog),==,DatabaseBackedCatalog,sum(hourly_price * 730 * count) = $121.47,121.47,$0.50,$0.00 (Exact),PASS,Reported cost matches catalog pricing within $0.50 tolerance.
run_a5fbc91e24cb,Q35_UNSUPPORTED_DNS_SETUP,4,1,CHK_VM_VCPU,Compute Capacity (vCPUs),src.verifiers.independent_checker,"{""required_vcpus"": 4, ""allocated_vcpus"": 4}",DatabaseBackedCatalog,4 vCPUs,>= 4 vCPUs,>=,DatabaseBackedCatalog,sum(vcpus * count) = 4 >= 4,4,0 vCPUs,+0 vCPUs,PASS,Compute capacity satisfies requirement.
run_a5fbc91e24cb,Q35_UNSUPPORTED_DNS_SETUP,4,1,CHK_VM_RAM,Memory Capacity (RAM),src.verifiers.independent_checker,"{""required_ram_gb"": 16.0, ""allocated_ram_gb"": 16.0}",DatabaseBackedCatalog,16.0 GB,>= 16.0 GB,>=,DatabaseBackedCatalog,sum(ram_gb * count) = 16.0 >= 16.0,16,0.0 GB,+0.0 GB,PASS,Memory capacity satisfies requirement.
run_a5fbc91e24cb,Q35_UNSUPPORTED_DNS_SETUP,4,1,CHK_VM_BUDGET,Financial Monthly Budget,src.verifiers.independent_checker,"{""budget_max_usd"": 300.0, ""recomputed_cost_usd"": 121.47}",Financial Budget Invariant,$121.47 USD,<= $300.00 USD,<=,Financial Budget Invariant,$121.47 <= $300.00,121.47,$0.00,-$178.53 (Headroom),PASS,Monthly cost within budget with $178.53 headroom.
run_c658c8541905,Q36_UNSUPPORTED_AUTH0_OAUTH,3,1,CHK_VM_CATALOG,SKU Catalog Existence,src.verifiers.independent_checker,"{""sku_details"": [""t3.medium (x1)""], ""catalog_consistent"": true}",DatabaseBackedCatalog,t3.medium (x1),Valid in DB,in,DatabaseBackedCatalog,all(sku in DB for sku in ['t3.medium (x1)']),True,0 unknown SKUs,Exact Match,PASS,All allocated SKUs verified against catalog ground truth.
run_c658c8541905,Q36_UNSUPPORTED_AUTH0_OAUTH,3,1,CHK_VM_PRICING,SKU Pricing Integrity,src.verifiers.independent_checker,"{""reported_cost_usd"": 30.37, ""recomputed_cost_usd"": 30.37, ""cost_delta_usd"": 0.0}",DatabaseBackedCatalog,$30.37/mo (Reported),$30.37/mo (Catalog),==,DatabaseBackedCatalog,sum(hourly_price * 730 * count) = $30.37,30.37,$0.50,$0.00 (Exact),PASS,Reported cost matches catalog pricing within $0.50 tolerance.
run_c658c8541905,Q36_UNSUPPORTED_AUTH0_OAUTH,3,1,CHK_VM_VCPU,Compute Capacity (vCPUs),src.verifiers.independent_checker,"{""required_vcpus"": 1, ""allocated_vcpus"": 2}",DatabaseBackedCatalog,2 vCPUs,>= 1 vCPUs,>=,DatabaseBackedCatalog,sum(vcpus * count) = 2 >= 1,2,0 vCPUs,+1 vCPUs,PASS,Compute capacity satisfies requirement.
run_c658c8541905,Q36_UNSUPPORTED_AUTH0_OAUTH,3,1,CHK_VM_RAM,Memory Capacity (RAM),src.verifiers.independent_checker,"{""required_ram_gb"": 1.0, ""allocated_ram_gb"": 4.0}",DatabaseBackedCatalog,4.0 GB,>= 1.0 GB,>=,DatabaseBackedCatalog,sum(ram_gb * count) = 4.0 >= 1.0,4,0.0 GB,+3.0 GB,PASS,Memory capacity satisfies requirement.
run_c658c8541905,Q36_UNSUPPORTED_AUTH0_OAUTH,3,1,CHK_VM_BUDGET,Financial Monthly Budget,src.verifiers.independent_checker,"{""budget_max_usd"": 500.0, ""recomputed_cost_usd"": 30.37}",Financial Budget Invariant,$30.37 USD,<= $500.00 USD,<=,Financial Budget Invariant,$30.37 <= $500.00,30.37,$0.00,-$469.63 (Headroom),PASS,Monthly cost within budget with $469.63 headroom.
run_fc712bba698b,Q36_UNSUPPORTED_AUTH0_OAUTH,4,1,CHK_VM_CATALOG,SKU Catalog Existence,src.verifiers.independent_checker,"{""sku_details"": [""t3.xlarge (x1)""], ""catalog_consistent"": true}",DatabaseBackedCatalog,t3.xlarge (x1),Valid in DB,in,DatabaseBackedCatalog,all(sku in DB for sku in ['t3.xlarge (x1)']),True,0 unknown SKUs,Exact Match,PASS,All allocated SKUs verified against catalog ground truth.
run_fc712bba698b,Q36_UNSUPPORTED_AUTH0_OAUTH,4,1,CHK_VM_PRICING,SKU Pricing Integrity,src.verifiers.independent_checker,"{""reported_cost_usd"": 121.47, ""recomputed_cost_usd"": 121.47, ""cost_delta_usd"": 0.0}",DatabaseBackedCatalog,$121.47/mo (Reported),$121.47/mo (Catalog),==,DatabaseBackedCatalog,sum(hourly_price * 730 * count) = $121.47,121.47,$0.50,$0.00 (Exact),PASS,Reported cost matches catalog pricing within $0.50 tolerance.
run_fc712bba698b,Q36_UNSUPPORTED_AUTH0_OAUTH,4,1,CHK_VM_VCPU,Compute Capacity (vCPUs),src.verifiers.independent_checker,"{""required_vcpus"": 4, ""allocated_vcpus"": 4}",DatabaseBackedCatalog,4 vCPUs,>= 4 vCPUs,>=,DatabaseBackedCatalog,sum(vcpus * count) = 4 >= 4,4,0 vCPUs,+0 vCPUs,PASS,Compute capacity satisfies requirement.
run_fc712bba698b,Q36_UNSUPPORTED_AUTH0_OAUTH,4,1,CHK_VM_RAM,Memory Capacity (RAM),src.verifiers.independent_checker,"{""required_ram_gb"": 16.0, ""allocated_ram_gb"": 16.0}",DatabaseBackedCatalog,16.0 GB,>= 16.0 GB,>=,DatabaseBackedCatalog,sum(ram_gb * count) = 16.0 >= 16.0,16,0.0 GB,+0.0 GB,PASS,Memory capacity satisfies requirement.
run_fc712bba698b,Q36_UNSUPPORTED_AUTH0_OAUTH,4,1,CHK_VM_BUDGET,Financial Monthly Budget,src.verifiers.independent_checker,"{""budget_max_usd"": 300.0, ""recomputed_cost_usd"": 121.47}",Financial Budget Invariant,$121.47 USD,<= $300.00 USD,<=,Financial Budget Invariant,$121.47 <= $300.00,121.47,$0.00,-$178.53 (Headroom),PASS,Monthly cost within budget with $178.53 headroom.
